Date,Player,PTS,TRB,AST,STL,TOV,FG%,3P%,FT%,TS%,USG%,BPM,ORTG,DRTG,GmSc,Did_Not_Play,Rest_Days,Game_Index,Player_ID,Team_ID,Opponent,Opponent_ID,MATCHUP,MP,FGA,FTA,PLUS_MINUS,Month_sin,Month_cos,DayOfWeek_sin,DayOfWeek_cos,oppDfRtg_3,Market_PTS,Market_TRB,Market_AST,Synthetic_Market_PTS,Synthetic_Market_TRB,Synthetic_Market_AST,Market_Source_PTS,Market_Source_TRB,Market_Source_AST,Market_PTS_books,Market_TRB_books,Market_AST_books,Market_PTS_over_price,Market_TRB_over_price,Market_AST_over_price,Market_PTS_under_price,Market_TRB_under_price,Market_AST_under_price,Market_PTS_line_std,Market_TRB_line_std,Market_AST_line_std,PTS_market_gap,TRB_market_gap,AST_market_gap,PTS_rolling_avg,TRB_rolling_avg,AST_rolling_avg,STL_rolling_avg,TOV_rolling_avg,FG%_rolling_avg,3P%_rolling_avg,FT%_rolling_avg,TS%_rolling_avg,USG%_rolling_avg,BPM_rolling_avg,ORTG_rolling_avg,DRTG_rolling_avg,GmSc_rolling_avg,PTS_lag1,TRB_lag1,AST_lag1,STL_lag1,TOV_lag1,FG%_lag1,3P%_lag1,FT%_lag1,TS%_lag1,USG%_lag1,BPM_lag1,ORTG_lag1,DRTG_lag1,GmSc_lag1
2025-10-22,Jaylen_Brown,25.0,6.0,4.0,0.0,2.0,0.5,0.5,0.833,0.6056201550387597,12.508287292817679,0.0,110.42402826855124,110.0,16.599999999999998,0,2.0,0,1627759,1610612738,PHI,1610612755,BOS vs. PHI,36.2,18.0,6.0,0.0,-0.8660254037844386,0.5000000000000001,0.9749279121818236,-0.22252093395631434,1.1,,,,,,,,,,,,,,,,,,,,,,,,,25.0,6.0,4.0,0.0,2.0,0.5,0.5,0.833,0.6056201550387597,12.508287292817679,0.0,110.42402826855124,110.0,16.599999999999998,25.0,6.0,4.0,0.0,2.0,0.5,0.5,0.833,0.6056201550387597,12.508287292817679,0.0,110.42402826855124,110.0,16.599999999999998
2025-10-24,Jaylen_Brown,23.0,4.0,3.0,1.0,7.0,0.5,0.429,0.5,0.5819838056680161,15.07605633802817,-14.197183098591548,85.949177877429,110.0,9.2,0,2.0,1,1627759,1610612738,NYK,1610612752,BOS @ NYK,35.5,18.0,4.0,-14.0,-0.8660254037844386,0.5000000000000001,-0.433883739117558,-0.9009688679024191,1.1,,,,,,,,,,,,,,,,,,,,,,,,,25.0,6.0,4.0,0.0,2.0,0.5,0.5,0.833,0.6056201550387597,12.508287292817679,0.0,110.42402826855124,110.0,16.599999999999998,25.0,6.0,4.0,0.0,2.0,0.5,0.5,0.833,0.6056201550387597,12.508287292817679,0.0,110.42402826855124,110.0,16.599999999999998
2025-10-26,Jaylen_Brown,41.0,6.0,4.0,0.0,4.0,0.48,0.556,0.8,0.6487341772151899,20.056338028169016,-1.0140845070422535,115.16853932584269,110.0,27.299999999999994,0,2.0,2,1627759,1610612738,DET,1610612765,BOS @ DET,35.5,25.0,15.0,-1.0,-0.8660254037844386,0.5000000000000001,-0.7818314824680299,0.6234898018587334,1.1,,,,,,,,,,,,,,,,,,,,,,,,,24.0,5.0,3.5,0.5,4.5,0.5,0.4645,0.6665,0.5938019803533878,13.792171815422925,-7.098591549295774,98.18660307299012,110.0,12.899999999999999,23.0,4.0,3.0,1.0,7.0,0.5,0.429,0.5,0.5819838056680161,15.07605633802817,-14.197183098591548,85.949177877429,110.0,9.2
2025-10-27,Jaylen_Brown,15.0,7.0,4.0,0.0,3.0,0.556,0.333,0.667,0.6443298969072164,12.049382716049383,5.925925925925926,102.45901639344262,110.0,9.799999999999997,0,1.0,3,1627759,1610612738,NOP,1610612740,BOS @ NOP,24.3,9.0,6.0,4.0,-0.8660254037844386,0.5000000000000001,0.0,1.0,1.1,,,,,,,,,,,,,,,,,,,,,,,,,29.666666666666668,5.333333333333333,3.6666666666666665,0.3333333333333333,4.333333333333333,0.49333333333333335,0.49500000000000005,0.711,0.6121127126406553,15.880227219671623,-5.070422535211267,103.84724849060764,110.0,17.7,41.0,6.0,4.0,0.0,4.0,0.48,0.556,0.8,0.6487341772151899,20.056338028169016,-1.0140845070422535,115.16853932584269,110.0,27.299999999999994
2025-10-29,Jaylen_Brown,30.0,5.0,4.0,1.0,2.0,0.6,0.444,1.0,0.7183908045977012,14.389937106918238,22.641509433962263,131.11888111888112,110.0,23.199999999999996,0,2.0,4,1627759,1610612738,CLE,1610612739,BOS vs. CLE,31.8,20.0,2.0,20.0,-0.8660254037844386,0.5000000000000001,0.9749279121818236,-0.22252093395631434,1.1,,,,,,,,,,,,,,,,,,,,,,,,,26.0,5.75,3.75,0.25,4.0,0.509,0.4545,0.7,0.6201670087072955,14.922516093766063,-2.321335419926969,103.50019046631638,110.0,15.724999999999998,15.0,7.0,4.0,0.0,3.0,0.556,0.333,0.667,0.6443298969072164,12.049382716049383,5.925925925925926,102.45901639344262,110.0,9.799999999999997
2025-10-31,Jaylen_Brown,32.0,3.0,6.0,1.0,5.0,0.684,0.571,0.667,0.7874015748031495,15.974763406940065,-12.49211356466877,126.38230647709321,110.0,24.100000000000005,0,2.0,5,1627759,1610612738,PHI,1610612755,BOS @ PHI,31.7,19.0,3.0,-11.0,-0.8660254037844386,0.5000000000000001,-0.433883739117558,-0.9009688679024191,1.1,,,,,,,,,,,,,,,,,,,,,,,,,26.8,5.6,3.8,0.4,3.6,0.5272,0.4524,0.76,0.6398117678853767,14.8160002963965,2.6712335508508773,109.02392859682932,110.0,17.219999999999995,30.0,5.0,4.0,1.0,2.0,0.6,0.444,1.0,0.7183908045977012,14.389937106918238,22.641509433962263,131.11888111888112,110.0,23.199999999999996
2025-11-01,Jaylen_Brown,12.0,2.0,5.0,1.0,5.0,0.429,0.0,0.0,0.42857142857142855,17.51152073732719,-33.17972350230415,63.1578947368421,110.0,3.5,0,1.0,6,1627759,1610612738,HOU,1610612745,BOS vs. HOU,21.7,14.0,0.0,-20.0,-0.5000000000000004,0.8660254037844384,-0.9749279121818236,-0.2225209339563146,1.1,,,,,,,,,,,,,,,,,,,,,,,,,28.2,5.0,4.2,0.6,4.2,0.5640000000000001,0.4666,0.7268,0.6761680518382546,15.509295519220975,0.1728108379171232,112.21558423853772,110.0,18.72,32.0,3.0,6.0,1.0,5.0,0.684,0.571,0.667,0.7874015748031495,15.974763406940065,-12.49211356466877,126.38230647709321,110.0,24.100000000000005
2025-11-03,Jaylen_Brown,36.0,2.0,4.0,2.0,3.0,0.464,0.0,0.909,0.5481120584652862,19.06382978723404,20.106382978723403,100.44642857142856,110.0,22.800000000000008,0,2.0,7,1627759,1610612738,UTA,1610612762,BOS vs. UTA,37.6,28.0,11.0,21.0,-0.5000000000000004,0.8660254037844384,0.0,1.0,1.1,,,,,,,,,,,,,,,,,,,,,,,,,26.0,4.6,4.6,0.6,3.8,0.5498000000000001,0.38079999999999997,0.6268,0.6454855764189371,15.996388399080777,-3.623697242825397,107.65732761042034,110.0,17.58,12.0,2.0,5.0,1.0,5.0,0.429,0.0,0.0,0.42857142857142855,17.51152073732719,-33.17972350230415,63.1578947368421,110.0,3.5
2025-11-05,Jaylen_Brown,35.0,5.0,5.0,1.0,1.0,0.619,0.5,0.778,0.7011217948717948,20.046332046332047,15.289575289575291,134.82280431432974,110.0,29.3,0,2.0,8,1627759,1610612738,WAS,1610612764,BOS vs. WAS,25.9,21.0,9.0,11.0,-0.5000000000000004,0.8660254037844384,0.9749279121818236,-0.22252093395631434,1.1,,,,,,,,,,,,,,,,,,,,,,,,,25.0,3.8,4.6,1.0,3.6,0.5466,0.26959999999999995,0.6486000000000001,0.6253611526689563,15.797886750893785,0.6003962543277339,104.71290545953752,110.0,16.68,36.0,2.0,4.0,2.0,3.0,0.464,0.0,0.909,0.5481120584652862,19.06382978723404,20.106382978723403,100.44642857142856,110.0,22.800000000000008
2025-11-07,Jaylen_Brown,32.0,9.0,3.0,1.0,4.0,0.536,0.167,0.5,0.554016620498615,18.016438356164382,-20.712328767123285,97.32360097323603,110.0,18.600000000000005,0,2.0,9,1627759,1610612738,ORL,1610612753,BOS @ ORL,36.5,28.0,2.0,-21.0,-0.5000000000000004,0.8660254037844384,-0.433883739117558,-0.9009688679024191,1.1,,,,,,,,,,,,,,,,,,,,,,,,,29.0,3.4,4.8,1.2,3.2,0.5592,0.30300000000000005,0.6708000000000001,0.636719532261872,17.397276616950315,2.4731261270576073,111.18566304371495,110.0,20.580000000000002,35.0,5.0,5.0,1.0,1.0,0.619,0.5,0.778,0.7011217948717948,20.046332046332047,15.289575289575291,134.82280431432974,110.0,29.3
2025-11-09,Jaylen_Brown,27.0,5.0,1.0,1.0,4.0,0.417,0.25,0.857,0.4985228951255539,18.5,-18.214285714285715,86.87258687258688,110.0,12.5,0,2.0,10,1627759,1610612738,ORL,1610612753,BOS @ ORL,33.6,24.0,7.0,-17.0,-0.5000000000000004,0.8660254037844384,-0.7818314824680299,0.6234898018587334,1.1,,,,,,,,,,,,,,,,,,,,,,,,,29.4,4.2,4.6,1.2,3.6,0.5464,0.2476,0.5708,0.6038446954420549,18.122576866799545,-6.1976415131595015,104.42660701458593,110.0,19.660000000000004,32.0,9.0,3.0,1.0,4.0,0.536,0.167,0.5,0.554016620498615,18.016438356164382,-20.712328767123285,97.32360097323603,110.0,18.600000000000005
2025-11-11,Jaylen_Brown,24.0,6.0,5.0,0.0,2.0,0.444,0.333,0.875,0.5576208178438662,13.363636363636362,-5.113636363636363,102.04081632653062,110.0,17.099999999999998,0,2.0,11,1627759,1610612738,PHI,1610612755,BOS @ PHI,35.2,18.0,8.0,-5.0,-0.5000000000000004,0.8660254037844384,0.7818314824680298,0.6234898018587336,1.1,,,,,,,,,,,,,,,,,,,,,,,,,28.4,4.6,3.6,1.2,3.4,0.493,0.1834,0.6088,0.5460689595065357,18.62762418541153,-7.342075943082892,96.52466309368467,110.0,17.340000000000003,27.0,5.0,1.0,1.0,4.0,0.417,0.25,0.857,0.4985228951255539,18.5,-18.214285714285715,86.87258687258688,110.0,12.5
2025-11-12,Jaylen_Brown,19.0,6.0,6.0,0.0,2.0,0.5,0.4,0.5,0.5627962085308057,14.92490118577075,41.26482213438735,100.63559322033899,110.0,14.999999999999996,0,1.0,12,1627759,1610612738,MEM,1610612763,BOS vs. MEM,25.3,16.0,2.0,29.0,-0.5000000000000004,0.8660254037844384,0.9749279121818236,-0.22252093395631434,1.1,,,,,,,,,,,,,,,,,,,,,,,,,30.8,5.4,3.6,1.0,2.8,0.496,0.25,0.7838,0.5718788373610233,17.798047310673365,-1.7288585153493343,104.30124741162237,110.0,20.060000000000002,24.0,6.0,5.0,0.0,2.0,0.444,0.333,0.875,0.5576208178438662,13.363636363636362,-5.113636363636363,102.04081632653062,110.0,17.099999999999998
2025-11-16,Jaylen_Brown,33.0,13.0,3.0,2.0,1.0,0.424,0.143,0.571,0.4573170731707317,19.21243523316062,20.51813471502591,88.99676375404532,110.0,22.800000000000008,0,4.0,13,1627759,1610612738,LAC,1610612746,BOS vs. LAC,38.6,33.0,7.0,22.0,-0.5000000000000004,0.8660254037844384,-0.7818314824680299,0.6234898018587334,1.1,,,,,,,,,,,,,,,,,,,,,,,,,27.4,6.2,4.0,0.6,2.6,0.5032,0.33,0.702,0.5748156673741271,16.97026159038071,2.5028293157834556,104.33908034140445,110.0,18.5,19.0,6.0,6.0,0.0,2.0,0.5,0.4,0.5,0.5627962085308057,14.92490118577075,41.26482213438735,100.63559322033899,110.0,14.999999999999996
2025-11-18,Jaylen_Brown,29.0,4.0,4.0,1.0,8.0,0.474,0.429,0.8,0.6196581196581197,19.625,2.25,92.35668789808918,110.0,15.100000000000001,0,2.0,14,1627759,1610612738,BKN,1610612751,BOS @ BKN,32.0,19.0,10.0,2.0,-0.5000000000000004,0.8660254037844384,0.7818314824680298,0.6234898018587336,1.1,,,,,,,,,,,,,,,,,,,,,,,,,27.0,7.8,3.6,0.8,2.6,0.46420000000000006,0.25860000000000005,0.6606,0.5260547230339145,16.80348222774642,3.5485412008735793,95.17387222934755,110.0,17.2,33.0,13.0,3.0,2.0,1.0,0.424,0.143,0.571,0.4573170731707317,19.21243523316062,20.51813471502591,88.99676375404532,110.0,22.800000000000008
2025-11-21,Jaylen_Brown,26.0,8.0,4.0,2.0,3.0,0.5,0.25,0.778,0.5919854280510018,15.74763406940063,-4.542586750788644,104.16666666666666,110.0,18.8,0,3.0,15,1627759,1610612738,BKN,1610612751,BOS vs. BKN,31.7,18.0,9.0,-4.0,-0.5000000000000004,0.8660254037844384,-0.433883739117558,-0.9009688679024191,1.1,,,,,,,,,,,,,,,,,,,,,,,,,26.4,6.8,3.8,0.8,3.4,0.4518,0.31100000000000005,0.7206,0.5391830228658154,17.125194556513545,8.141006954298238,94.18048961431819,110.0,16.5,29.0,4.0,4.0,1.0,8.0,0.474,0.429,0.8,0.6196581196581197,19.625,2.25,92.35668789808918,110.0,15.100000000000001
2025-11-23,Jaylen_Brown,35.0,4.0,8.0,1.0,1.0,0.538,0.333,0.714,0.6017881705639615,16.085561497326204,11.550802139037433,116.35638297872342,110.0,27.599999999999998,0,2.0,16,1627759,1610612738,ORL,1610612753,BOS vs. ORL,37.4,26.0,7.0,12.0,-0.5000000000000004,0.8660254037844384,-0.7818314824680299,0.6234898018587334,1.1,,,,,,,,,,,,,,,,,,,,,,,,,26.2,7.4,4.4,1.0,3.2,0.4683999999999999,0.31100000000000005,0.7048,0.557875529450905,16.57472137039367,10.87534674699765,97.63930557313415,110.0,17.759999999999998,26.0,8.0,4.0,2.0,3.0,0.5,0.25,0.778,0.5919854280510018,15.74763406940063,-4.542586750788644,104.16666666666666,110.0,18.8
2025-11-26,Jaylen_Brown,33.0,10.0,5.0,2.0,5.0,0.375,0.286,0.875,0.464527027027027,23.69590643274854,-9.473684210526315,81.44126357354392,110.0,19.499999999999996,0,3.0,17,1627759,1610612738,DET,1610612765,BOS vs. DET,34.2,32.0,8.0,-9.0,-0.5000000000000004,0.8660254037844384,0.9749279121818236,-0.22252093395631434,1.1,,,,,,,,,,,,,,,,,,,,,,,,,28.4,7.0,5.0,1.2,3.0,0.48719999999999997,0.31100000000000005,0.6726,0.5667089999949242,17.119106397131638,14.20823444753241,100.50241890357272,110.0,19.860000000000003,35.0,4.0,8.0,1.0,1.0,0.538,0.333,0.714,0.6017881705639615,16.085561497326204,11.550802139037433,116.35638297872342,110.0,27.599999999999998
2025-11-29,Jaylen_Brown,41.0,6.0,7.0,5.0,4.0,0.531,0.455,0.5,0.6072274881516588,19.16751269035533,0.9137055837563451,108.58050847457628,110.0,32.599999999999994,0,3.0,18,1627759,1610612738,MIN,1610612750,BOS @ MIN,39.4,32.0,4.0,1.0,-0.5000000000000004,0.8660254037844384,-0.9749279121818236,-0.2225209339563146,1.1,,,,,,,,,,,,,,,,,,,,,,,,,31.2,7.8,4.8,1.6,3.6,0.4622,0.28820000000000007,0.7476,0.5470551636941684,18.8733074465272,4.060533178549677,96.66355297421369,110.0,20.759999999999998,33.0,10.0,5.0,2.0,5.0,0.375,0.286,0.875,0.464527027027027,23.69590643274854,-9.473684210526315,81.44126357354392,110.0,19.499999999999996
2025-11-30,Jaylen_Brown,19.0,12.0,11.0,1.0,6.0,0.231,0.25,0.75,0.47405189620758487,13.814323607427054,15.278514588859416,72.9646697388633,110.0,15.0,0,1.0,19,1627759,1610612738,CLE,1610612739,BOS @ CLE,37.7,13.0,16.0,16.0,-0.5000000000000004,0.8660254037844384,-0.7818314824680299,0.6234898018587334,1.1,,,,,,,,,,,,,,,,,,,,,,,,,32.8,6.4,5.6,2.2,4.2,0.48360000000000003,0.3506,0.7333999999999999,0.5770372466903538,18.864322937966143,0.13964735229576392,100.58030191831989,110.0,22.72,41.0,6.0,7.0,5.0,4.0,0.531,0.455,0.5,0.6072274881516588,19.16751269035533,0.9137055837563451,108.58050847457628,110.0,32.599999999999994
2025-12-02,Jaylen_Brown,42.0,4.0,4.0,1.0,4.0,0.667,0.333,0.889,0.7510729613733905,16.020050125313283,13.533834586466167,131.4142678347935,110.0,31.0,0,2.0,20,1627759,1610612738,NYK,1610612752,BOS vs. NYK,39.9,24.0,9.0,15.0,-2.4492935982947064e-16,1.0,0.7818314824680298,0.6234898018587336,1.1,,,,,,,,,,,,,,,,,,,,,,,,,30.8,8.0,7.0,2.2,3.8,0.43500000000000005,0.3148,0.7234,0.5479160020002467,17.702187659451553,2.745350270067647,96.70189828647472,110.0,22.699999999999996,19.0,12.0,11.0,1.0,6.0,0.231,0.25,0.75,0.47405189620758487,13.814323607427054,15.278514588859416,72.9646697388633,110.0,15.0
2025-12-05,Jaylen_Brown,30.0,8.0,8.0,1.0,3.0,0.455,0.429,0.778,0.5778120184899845,17.18694362017804,12.818991097922847,103.59116022099447,110.0,23.000000000000004,0,3.0,21,1627759,1610612738,LAL,1610612747,BOS vs. LAL,33.7,22.0,9.0,12.0,-2.4492935982947064e-16,1.0,-0.433883739117558,-0.9009688679024191,1.1,,,,,,,,,,,,,,,,,,,,,,,,,34.0,7.2,7.0,2.0,4.0,0.46840000000000004,0.33140000000000003,0.7455999999999999,0.5797335086647246,17.756670870634082,6.360634537518608,102.15141852010008,110.0,25.139999999999997,42.0,4.0,4.0,1.0,4.0,0.667,0.333,0.889,0.7510729613733905,16.020050125313283,13.533834586466167,131.4142678347935,110.0,31.0
2025-12-07,Jaylen_Brown,30.0,8.0,5.0,1.0,3.0,0.474,0.75,1.0,0.6533101045296167,13.347043701799485,16.65809768637532,115.56240369799691,110.0,26.100000000000005,0,2.0,22,1627759,1610612738,TOR,1610612761,BOS @ TOR,38.9,19.0,9.0,18.0,-2.4492935982947064e-16,1.0,-0.7818314824680299,0.6234898018587334,1.1,,,,,,,,,,,,,,,,,,,,,,,,,33.0,8.0,7.0,2.0,4.4,0.4518,0.3506,0.7584,0.5749382782499292,17.976947295204447,6.614272329295692,99.59837396855428,110.0,24.22,30.0,8.0,8.0,1.0,3.0,0.455,0.429,0.778,0.5778120184899845,17.18694362017804,12.818991097922847,103.59116022099447,110.0,23.000000000000004
2025-12-11,Jaylen_Brown,30.0,3.0,3.0,0.0,4.0,0.588,0.5,0.889,0.7156488549618321,17.333333333333336,-18.75,120.1923076923077,110.0,19.900000000000002,0,4.0,23,1627759,1610612738,MIL,1610612749,BOS @ MIL,28.8,17.0,9.0,-15.0,-2.4492935982947064e-16,1.0,0.43388373911755823,-0.900968867902419,1.1,,,,,,,,,,,,,,,,,,,,,,,,,32.4,7.6,7.0,1.8,4.0,0.4716,0.4434,0.7834,0.6126948937504471,15.907174749014638,11.840628708676018,106.42260199344489,110.0,25.54,30.0,8.0,5.0,1.0,3.0,0.474,0.75,1.0,0.6533101045296167,13.347043701799485,16.65809768637532,115.56240369799691,110.0,26.100000000000005
2025-12-15,Jaylen_Brown,34.0,8.0,7.0,1.0,4.0,0.52,0.2,0.5,0.5455712451861361,17.36296296296296,-5.333333333333333,96.70079635949944,110.0,26.099999999999998,0,4.0,24,1627759,1610612738,DET,1610612765,BOS vs. DET,40.5,25.0,14.0,-6.0,-2.4492935982947064e-16,1.0,0.0,1.0,1.1,,,,,,,,,,,,,,,,,,,,,,,,,30.2,7.0,6.2,0.8,4.0,0.483,0.4524,0.8612,0.6343791671124818,15.540338877610239,7.90788759192475,108.74496183699118,110.0,23.000000000000004,30.0,3.0,3.0,0.0,4.0,0.588,0.5,0.889,0.7156488549618321,17.333333333333336,-18.75,120.1923076923077,110.0,19.900000000000002
2025-12-19,Jaylen_Brown,30.0,9.0,7.0,1.0,5.0,0.5,0.5,0.909,0.6567425569176882,16.046109510086456,8.29971181556196,107.75862068965517,110.0,23.0,0,4.0,25,1627759,1610612738,MIA,1610612748,BOS vs. MIA,34.7,18.0,11.0,8.0,-2.4492935982947064e-16,1.0,-0.433883739117558,-0.9009688679024191,1.1,,,,,,,,,,,,,,,,,,,,,,,,,33.2,6.2,5.4,0.8,3.6,0.5408,0.4424,0.8112,0.648683036908192,16.250066748717423,3.7855180074862007,113.49218716111838,110.0,25.220000000000002,34.0,8.0,7.0,1.0,4.0,0.52,0.2,0.5,0.5455712451861361,17.36296296296296,-5.333333333333333,96.70079635949944,110.0,26.099999999999998
2025-12-22,Jaylen_Brown,31.0,9.0,2.0,1.0,2.0,0.44,0.333,0.875,0.5434782608695652,18.385542168674696,-2.1686746987951806,101.5727391874181,110.0,21.999999999999996,0,3.0,26,1627759,1610612738,IND,1610612754,BOS vs. IND,33.2,25.0,8.0,-2.0,-2.4492935982947064e-16,1.0,0.0,1.0,1.1,,,,,,,,,,,,,,,,,,,,,,,,,30.8,7.2,6.0,0.8,3.8,0.5074,0.4758,0.8151999999999999,0.6298169560170516,16.255278625672055,2.738693453305359,108.76105773209073,110.0,23.62,30.0,9.0,7.0,1.0,5.0,0.5,0.5,0.909,0.6567425569176882,16.046109510086456,8.29971181556196,107.75862068965517,110.0,23.0
2025-12-26,Jaylen_Brown,30.0,3.0,4.0,4.0,4.0,0.65,0.667,1.0,0.7183908045977012,15.453416149068321,21.242236024844715,120.57877813504824,110.0,23.700000000000003,0,4.0,27,1627759,1610612738,IND,1610612754,BOS @ IND,32.2,20.0,2.0,19.0,-2.4492935982947064e-16,1.0,-0.433883739117558,-0.9009688679024191,1.1,,,,,,,,,,,,,,,,,,,,,,,,,31.0,7.4,4.8,0.8,3.6,0.5044000000000001,0.4566,0.8346,0.6229502044929676,16.49499833537139,-0.25883970603824646,108.35737352537546,110.0,23.42,31.0,9.0,2.0,1.0,2.0,0.44,0.333,0.875,0.5434782608695652,18.385542168674696,-2.1686746987951806,101.5727391874181,110.0,21.999999999999996
2025-12-28,Jaylen_Brown,37.0,7.0,4.0,0.0,6.0,0.609,0.4,0.7,0.6751824817518248,18.054054054054053,0.0,110.77844311377245,110.0,22.600000000000005,0,2.0,28,1627759,1610612738,POR,1610612757,BOS @ POR,37.0,23.0,10.0,0.0,-2.4492935982947064e-16,1.0,-0.7818314824680299,0.6234898018587334,1.1,,,,,,,,,,,,,,,,,,,,,,,,,31.0,6.4,4.6,1.4,3.8,0.5396,0.44000000000000006,0.8346,0.6359663445065846,16.916272824825153,0.6579879616556326,109.36064841278574,110.0,22.94,30.0,3.0,4.0,4.0,4.0,0.65,0.667,1.0,0.7183908045977012,15.453416149068321,21.242236024844715,120.57877813504824,110.0,23.700000000000003
2025-12-30,Jaylen_Brown,23.0,6.0,10.0,2.0,2.0,0.474,0.333,0.667,0.5314232902033271,14.07142857142857,2.142857142857143,97.29272419627749,110.0,21.300000000000004,0,2.0,29,1627759,1610612738,UTA,1610612762,BOS @ UTA,33.6,19.0,6.0,2.0,-2.4492935982947064e-16,1.0,0.7818314824680298,0.6234898018587336,1.1,,,,,,,,,,,,,,,,,,,,,,,,,32.4,7.2,4.8,1.4,4.2,0.5438000000000001,0.42000000000000004,0.7968,0.6278730698645831,17.060416968969296,4.407987961655633,107.47787549707868,110.0,23.48,37.0,7.0,4.0,0.0,6.0,0.609,0.4,0.7,0.6751824817518248,18.054054054054053,0.0,110.77844311377245,110.0,22.600000000000005
2026-01-01,Jaylen_Brown,29.0,10.0,4.0,0.0,5.0,0.44,0.111,0.857,0.5163817663817664,19.011494252873565,-2.0689655172413794,87.66626360338573,110.0,14.299999999999997,0,2.0,30,1627759,1610612738,SAC,1610612758,BOS @ SAC,34.8,25.0,7.0,-2.0,0.49999999999999994,0.8660254037844387,0.43388373911755823,-0.900968867902419,1.1,,,,,,,,,,,,,,,,,,,,,,,,,30.2,6.8,5.4,1.6,3.8,0.5346,0.4466,0.8301999999999999,0.6250434788680213,16.40211009066242,5.903226056893727,107.59626106443429,110.0,22.520000000000003,23.0,6.0,10.0,2.0,2.0,0.474,0.333,0.667,0.5314232902033271,14.07142857142857,2.142857142857143,97.29272419627749,110.0,21.300000000000004
2026-01-03,Jaylen_Brown,50.0,3.0,5.0,0.0,2.0,0.692,0.6,0.8,0.8223684210526316,18.46153846153846,21.538461538461537,154.320987654321,110.0,39.800000000000004,0,2.0,31,1627759,1610612738,LAC,1610612746,BOS @ LAC,35.1,26.0,10.0,21.0,0.49999999999999994,0.8660254037844387,-0.9749279121818236,-0.2225209339563146,1.1,,,,,,,,,,,,,,,,,,,,,,,,,30.0,7.0,4.8,1.4,3.8,0.5226,0.3688,0.8198000000000001,0.5969713207608369,16.995187039219843,3.82949059033306,103.57778964718041,110.0,20.78,29.0,10.0,4.0,0.0,5.0,0.44,0.111,0.857,0.5163817663817664,19.011494252873565,-2.0689655172413794,87.66626360338573,110.0,14.299999999999997
2026-01-05,Jaylen_Brown,14.0,8.0,4.0,0.0,3.0,0.25,0.167,0.5,0.28135048231511256,16.115606936416185,12.485549132947977,50.21520803443329,110.0,1.8000000000000016,0,2.0,32,1627759,1610612738,CHI,1610612741,BOS vs. CHI,34.6,24.0,2.0,12.0,0.49999999999999994,0.8660254037844387,0.0,1.0,1.1,,,,,,,,,,,,,,,,,,,,,,,,,33.8,5.8,5.4,1.2,3.8,0.573,0.4222,0.8048,0.6527493527974503,17.010386297792593,8.570917837784403,114.12743934056098,110.0,24.340000000000003,50.0,3.0,5.0,0.0,2.0,0.692,0.6,0.8,0.8223684210526316,18.46153846153846,21.538461538461537,154.320987654321,110.0,39.800000000000004
2026-01-07,Jaylen_Brown,33.0,7.0,4.0,1.0,7.0,0.483,0.667,0.333,0.5441952506596306,21.760932944606417,-14.693877551020408,88.42443729903538,110.0,14.800000000000004,0,2.0,33,1627759,1610612738,DEN,1610612743,BOS vs. DEN,34.3,29.0,3.0,-14.0,0.49999999999999994,0.8660254037844387,0.9749279121818236,-0.22252093395631434,1.1,,,,,,,,,,,,,,,,,,,,,,,,,30.6,6.8,5.4,0.4,3.6,0.493,0.32220000000000004,0.7048,0.5653412883409326,17.142824455262165,6.819580459405055,100.054725320438,110.0,19.96,14.0,8.0,4.0,0.0,3.0,0.25,0.167,0.5,0.28135048231511256,16.115606936416185,12.485549132947977,50.21520803443329,110.0,1.8000000000000016
2026-01-09,Jaylen_Brown,25.0,8.0,7.0,0.0,4.0,0.4,0.333,0.923,0.6032818532818534,13.545205479452054,16.767123287671232,101.1326860841424,110.0,20.2,0,2.0,34,1627759,1610612738,TOR,1610612761,BOS vs. TOR,36.5,15.0,13.0,17.0,0.49999999999999994,0.8660254037844387,-0.433883739117558,-0.9009688679024191,1.1,,,,,,,,,,,,,,,,,,,,,,,,,29.8,6.8,5.4,0.6,3.8,0.4678,0.37560000000000004,0.6314,0.5391438421224937,17.88420023337264,3.880804949200973,95.58392415749057,110.0,18.400000000000002,33.0,7.0,4.0,1.0,7.0,0.483,0.667,0.333,0.5441952506596306,21.760932944606417,-14.693877551020408,88.42443729903538,110.0,14.800000000000004
2026-01-10,Jaylen_Brown,27.0,8.0,7.0,0.0,5.0,0.393,0.455,0.0,0.48214285714285715,15.207373271889402,-0.8294930875576038,81.81818181818181,110.0,12.5,0,1.0,35,1627759,1610612738,SAS,1610612759,BOS vs. SAS,43.4,28.0,0.0,-1.0,0.49999999999999994,0.8660254037844387,-0.9749279121818236,-0.2225209339563146,1.1,,,,,,,,,,,,,,,,,,,,,,,,,30.2,7.2,4.8,0.2,4.2,0.45299999999999996,0.37560000000000004,0.6826000000000001,0.5535155547381989,17.77895561497734,6.805658178163791,96.35191653506357,110.0,18.18,25.0,8.0,7.0,0.0,4.0,0.4,0.333,0.923,0.6032818532818534,13.545205479452054,16.767123287671232,101.1326860841424,110.0,20.2
2026-01-15,Jaylen_Brown,27.0,7.0,0.0,0.0,5.0,0.375,0.286,1.0,0.4985228951255539,21.24503311258278,-11.920529801324504,84.16458852867831,110.0,10.500000000000004,0,5.0,36,1627759,1610612738,MIA,1610612748,BOS @ MIA,30.2,24.0,7.0,-10.0,0.49999999999999994,0.8660254037844387,0.43388373911755823,-0.900968867902419,1.1,,,,,,,,,,,,,,,,,,,,,,,,,29.8,6.8,5.4,0.2,4.2,0.4436,0.4444000000000001,0.5112,0.546667772890417,17.018131418780502,7.053552664100546,95.18230017802277,110.0,17.82,27.0,8.0,7.0,0.0,5.0,0.393,0.455,0.0,0.48214285714285715,15.207373271889402,-0.8294930875576038,81.81818181818181,110.0,12.5
2026-01-17,Jaylen_Brown,41.0,6.0,2.0,1.0,1.0,0.467,0.222,0.917,0.5810657596371882,24.596610169491523,43.93220338983051,113.00992282249173,110.0,29.5,0,2.0,37,1627759,1610612738,ATL,1610612737,BOS @ ATL,29.5,30.0,12.0,36.0,0.49999999999999994,0.8660254037844387,-0.9749279121818236,-0.2225209339563146,1.1,,,,,,,,,,,,,,,,,,,,,,,,,25.2,7.6,4.4,0.2,4.8,0.3802,0.38160000000000005,0.5512,0.4818986677050015,17.57483034898937,0.3617543961433377,81.15102035289424,110.0,11.960000000000003,27.0,7.0,0.0,0.0,5.0,0.375,0.286,1.0,0.4985228951255539,21.24503311258278,-11.920529801324504,84.16458852867831,110.0,10.500000000000004
2026-01-19,Jaylen_Brown,32.0,11.0,2.0,0.0,4.0,0.393,0.25,0.8,0.4938271604938272,18.714652956298202,1.8508997429305913,87.91208791208791,110.0,17.8,0,2.0,38,1627759,1610612738,DET,1610612765,BOS @ DET,38.9,28.0,10.0,2.0,0.49999999999999994,0.8660254037844387,0.0,1.0,1.1,,,,,,,,,,,,,,,,,,,,,,,,,30.6,7.2,4.0,0.4,4.4,0.4236,0.39260000000000006,0.6346,0.5418417231694166,19.271030995604434,6.651085247519845,93.70996331050591,110.0,17.5,41.0,6.0,2.0,1.0,1.0,0.467,0.222,0.917,0.5810657596371882,24.596610169491523,43.93220338983051,113.00992282249173,110.0,29.5
2026-01-21,Jaylen_Brown,30.0,10.0,5.0,3.0,5.0,0.5,0.5,0.778,0.5778120184899845,18.265486725663717,11.68141592920354,96.89922480620154,110.0,22.699999999999996,0,2.0,39,1627759,1610612738,IND,1610612754,BOS vs. IND,33.9,22.0,9.0,11.0,0.49999999999999994,0.8660254037844387,0.9749279121818236,-0.22252093395631434,1.1,,,,,,,,,,,,,,,,,,,,,,,,,30.4,8.0,3.6,0.2,3.8,0.4056,0.30920000000000003,0.728,0.5317681051362559,18.661774997942793,9.960040706310044,93.60749343311645,110.0,18.1,32.0,11.0,2.0,0.0,4.0,0.393,0.25,0.8,0.4938271604938272,18.714652956298202,1.8508997429305913,87.91208791208791,110.0,17.8
2026-01-23,Jaylen_Brown,27.0,10.0,12.0,1.0,2.0,0.333,0.4,0.5,0.4299363057324841,14.649122807017543,8.68421052631579,80.83832335329342,110.0,19.7,0,2.0,40,1627759,1610612738,BKN,1610612751,BOS @ BKN,45.6,27.0,10.0,11.0,0.49999999999999994,0.8660254037844387,-0.433883739117558,-0.9009688679024191,1.1,,,,,,,,,,,,,,,,,,,,,,,,,31.4,8.4,3.2,0.8,4.0,0.42560000000000003,0.3426,0.6990000000000001,0.5266741381778821,19.605831247185126,8.942899234616506,92.76080117752825,110.0,18.6,30.0,10.0,5.0,3.0,5.0,0.5,0.5,0.778,0.5778120184899845,18.265486725663717,11.68141592920354,96.89922480620154,110.0,22.699999999999996
2026-01-24,Jaylen_Brown,33.0,8.0,5.0,1.0,2.0,0.5,0.25,0.75,0.5544354838709677,17.121293800539085,-12.61455525606469,103.90428211586901,110.0,23.800000000000004,0,1.0,41,1627759,1610612738,CHI,1610612741,BOS @ CHI,37.1,28.0,4.0,-13.0,0.49999999999999994,0.8660254037844387,-0.9749279121818236,-0.2225209339563146,1.1,,,,,,,,,,,,,,,,,,,,,,,,,31.4,8.8,4.2,1.0,3.4,0.4136,0.3316,0.799,0.5162328278958077,19.494181154210754,10.845639957391183,92.56482948455059,110.0,20.04,27.0,10.0,12.0,1.0,2.0,0.333,0.4,0.5,0.4299363057324841,14.649122807017543,8.68421052631579,80.83832335329342,110.0,19.7
2026-01-26,Jaylen_Brown,20.0,8.0,4.0,4.0,1.0,0.471,0.333,0.6,0.5208333333333334,11.160220994475136,5.966850828729282,99.00990099009901,110.0,18.7,0,2.0,42,1627759,1610612738,POR,1610612757,BOS vs. POR,36.2,17.0,5.0,6.0,0.49999999999999994,0.8660254037844387,0.0,1.0,1.1,,,,,,,,,,,,,,,,,,,,,,,,,32.6,9.0,5.2,1.2,2.8,0.4386,0.3244000000000001,0.749,0.5274153456448903,18.669433291802015,10.706834866443145,96.51276820198873,110.0,22.7,33.0,8.0,5.0,1.0,2.0,0.5,0.25,0.75,0.5544354838709677,17.121293800539085,-12.61455525606469,103.90428211586901,110.0,23.800000000000004
2026-01-28,Jaylen_Brown,21.0,7.0,3.0,0.0,3.0,0.45,0.0,0.75,0.4825367647058823,16.958904109589042,-29.589041095890412,84.81421647819063,110.0,11.299999999999999,0,2.0,43,1627759,1610612738,ATL,1610612737,BOS vs. ATL,29.2,20.0,4.0,-24.0,0.49999999999999994,0.8660254037844387,0.9749279121818236,-0.22252093395631434,1.1,,,,,,,,,,,,,,,,,,,,,,,,,28.4,9.4,5.6,1.8,2.8,0.4394,0.3466000000000001,0.6856,0.5153688603841193,15.98215545679874,3.113764354222901,93.71276383551017,110.0,20.54,20.0,8.0,4.0,4.0,1.0,0.471,0.333,0.6,0.5208333333333334,11.160220994475136,5.966850828729282,99.00990099009901,110.0,18.7
2026-02-01,Jaylen_Brown,30.0,13.0,2.0,1.0,4.0,0.6,0.667,0.667,0.7035647279549718,17.166101694915255,19.52542372881356,118.48341232227489,110.0,22.699999999999996,0,4.0,44,1627759,1610612738,MIL,1610612749,BOS vs. MIL,29.5,20.0,3.0,16.0,0.8660254037844386,0.5000000000000001,-0.7818314824680299,0.6234898018587334,1.1,,,,,,,,,,,,,,,,,,,,,,,,,26.2,8.6,5.8,1.8,2.6,0.4508,0.29660000000000003,0.6756,0.5131107812265304,15.631005687456906,-3.1742238135412997,93.09318954873072,110.0,19.240000000000002,21.0,7.0,3.0,0.0,3.0,0.45,0.0,0.75,0.4825367647058823,16.958904109589042,-29.589041095890412,84.81421647819063,110.0,11.299999999999999
2026-02-03,Jaylen_Brown,33.0,11.0,3.0,1.0,3.0,0.517,0.4,0.5,0.5522088353413654,17.58288770053476,-0.9625668449197861,100.36496350364965,110.0,20.5,0,2.0,45,1627759,1610612738,DAL,1610612742,BOS @ DAL,37.4,29.0,2.0,-1.0,0.8660254037844386,0.5000000000000001,0.7818314824680298,0.6234898018587336,1.1,,,,,,,,,,,,,,,,,,,,,,,,,26.2,9.2,5.2,1.4,2.4,0.4708,0.33000000000000007,0.6534,0.5382613231195279,15.411128681307213,-1.605422253619296,97.41002705194539,110.0,19.24,30.0,13.0,2.0,1.0,4.0,0.6,0.667,0.667,0.7035647279549718,17.166101694915255,19.52542372881356,118.48341232227489,110.0,22.699999999999996
2026-02-06,Jaylen_Brown,29.0,7.0,2.0,0.0,7.0,0.44,0.143,0.6,0.4931972789115647,21.993957703927492,-17.40181268882175,79.67032967032968,110.0,11.099999999999994,0,3.0,46,1627759,1610612738,MIA,1610612748,BOS vs. MIA,33.1,25.0,10.0,-16.0,0.8660254037844386,0.5000000000000001,-0.433883739117558,-0.9009688679024191,1.1,,,,,,,,,,,,,,,,,,,,,,,,,27.4,9.4,3.4,1.4,2.6,0.5075999999999999,0.33000000000000007,0.6534000000000001,0.5627158290413041,15.997881660010654,-3.5347777278664103,101.31535508201664,110.0,19.4,33.0,11.0,3.0,1.0,3.0,0.517,0.4,0.5,0.5522088353413654,17.58288770053476,-0.9625668449197861,100.36496350364965,110.0,20.5
2026-02-08,Jaylen_Brown,26.0,2.0,4.0,1.0,2.0,0.44,0.0,1.0,0.4857997010463378,17.377643504531722,-15.226586102719033,90.40333796940195,110.0,14.799999999999997,0,2.0,47,1627759,1610612738,NYK,1610612752,BOS vs. NYK,33.1,25.0,4.0,-14.0,0.8660254037844386,0.5000000000000001,-0.7818314824680299,0.6234898018587334,1.1,,,,,,,,,,,,,,,,,,,,,,,,,26.6,9.2,2.8,1.2,3.6,0.49560000000000004,0.3086000000000001,0.6234,0.5504681880494235,16.972414440688336,-4.492229214417822,96.46856459290876,110.0,16.859999999999996,29.0,7.0,2.0,0.0,7.0,0.44,0.143,0.6,0.4931972789115647,21.993957703927492,-17.40181268882175,79.67032967032968,110.0,11.099999999999994
2026-02-11,Jaylen_Brown,24.0,4.0,4.0,0.0,2.0,0.45,0.222,1.0,0.551470588235294,16.442906574394463,18.68512110726644,101.01010101010101,110.0,15.200000000000003,0,3.0,48,1627759,1610612738,CHI,1610612741,BOS vs. CHI,28.9,20.0,4.0,15.0,0.8660254037844386,0.5000000000000001,0.9749279121818236,-0.22252093395631434,1.1,,,,,,,,,,,,,,,,,,,,,,,,,27.8,8.0,2.8,0.6,3.8,0.4894,0.24200000000000005,0.7034,0.5434614615920244,18.215898942699653,-8.730916600707484,94.74725198876936,110.0,16.079999999999995,26.0,2.0,4.0,1.0,2.0,0.44,0.0,1.0,0.4857997010463378,17.377643504531722,-15.226586102719033,90.40333796940195,110.0,14.799999999999997
2026-02-19,Jaylen_Brown,23.0,15.0,13.0,0.0,2.0,0.556,0.0,1.0,0.5952380952380952,11.493261455525605,10.673854447439354,107.87992495309568,110.0,24.8,0,8.0,49,1627759,1610612738,GSW,1610612744,BOS @ GSW,37.1,18.0,3.0,11.0,0.8660254037844386,0.5000000000000001,0.43388373911755823,-0.900968867902419,1.1,,,,,,,,,,,,,,,,,,,,,,,,,28.4,7.4,3.0,0.6,3.6,0.4894,0.28640000000000004,0.7534000000000001,0.5572482262979067,18.112699435660737,0.9239158399238854,97.98642889515143,110.0,16.859999999999996,24.0,4.0,4.0,0.0,2.0,0.45,0.222,1.0,0.551470588235294,16.442906574394463,18.68512110726644,101.01010101010101,110.0,15.200000000000003
2026-02-22,Jaylen_Brown,32.0,8.0,7.0,3.0,5.0,0.357,0.333,0.75,0.4807692307692307,21.26666666666667,18.0,83.59456635318703,110.0,19.3,0,3.0,50,1627759,1610612738,LAL,1610612747,BOS @ LAL,36.0,28.0,12.0,18.0,0.8660254037844386,0.5000000000000001,-0.7818314824680299,0.6234898018587334,1.1,,,,,,,,,,,,,,,,,,,,,,,,,27.0,7.8,5.2,0.4,3.2,0.4806,0.15300000000000002,0.82,0.5355828997545313,16.978131387782806,-0.8463980163509561,95.86573142131559,110.0,17.279999999999998,23.0,15.0,13.0,0.0,2.0,0.556,0.0,1.0,0.5952380952380952,11.493261455525605,10.673854447439354,107.87992495309568,110.0,24.8
2026-02-25,Jaylen_Brown,23.0,11.0,3.0,0.0,4.0,0.333,0.167,0.889,0.46073717948717946,17.136094674556215,-12.781065088757398,79.41988950276243,110.0,13.400000000000002,0,3.0,51,1627759,1610612738,DEN,1610612743,BOS @ DEN,33.8,21.0,9.0,-12.0,0.8660254037844386,0.5000000000000001,0.9749279121818236,-0.22252093395631434,1.1,,,,,,,,,,,,,,,,,,,,,,,,,26.8,7.2,6.0,0.8,3.6,0.44860000000000005,0.13960000000000003,0.8699999999999999,0.5212949788401045,17.714887181009193,2.9461153526330013,92.51165199122306,110.0,17.04,32.0,8.0,7.0,3.0,5.0,0.357,0.333,0.75,0.4807692307692307,21.26666666666667,18.0,83.59456635318703,110.0,19.3
2026-02-27,Jaylen_Brown,28.0,7.0,9.0,2.0,2.0,0.75,1.0,0.6,0.853658536585366,12.266666666666666,30.0,152.17391304347828,110.0,29.500000000000004,0,2.0,52,1627759,1610612738,BKN,1610612751,BOS vs. BKN,30.0,12.0,10.0,25.0,0.8660254037844386,0.5000000000000001,-0.433883739117558,-0.9009688679024191,1.1,,,,,,,,,,,,,,,,,,,,,,,,,25.6,8.0,6.2,0.8,3.0,0.4272,0.14440000000000003,0.9278000000000001,0.5148029589552274,16.743314575134935,3.8702648726458713,92.46156395770961,110.0,17.5,23.0,11.0,3.0,0.0,4.0,0.333,0.167,0.889,0.46073717948717946,17.136094674556215,-12.781065088757398,79.41988950276243,110.0,13.400000000000002
2026-03-01,Jaylen_Brown,27.0,8.0,8.0,0.0,5.0,0.529,0.333,1.0,0.6723107569721116,13.2,6.63157894736842,107.6555023923445,110.0,22.1,0,2.0,53,1627759,1610612738,PHI,1610612755,BOS vs. PHI,38.0,17.0,7.0,7.0,1.0,6.123233995736766e-17,-0.7818314824680299,0.6234898018587334,1.1,,,,,,,,,,,,,,,,,,,,,,,,,26.0,9.0,7.2,1.0,3.0,0.48919999999999997,0.3444,0.8478,0.5883747260630331,15.721119207561923,12.915582093189679,104.81567897252489,110.0,20.440000000000005,28.0,7.0,9.0,2.0,2.0,0.75,1.0,0.6,0.853658536585366,12.266666666666666,30.0,152.17391304347828,110.0,29.500000000000004
2026-03-04,Jaylen_Brown,20.0,11.0,7.0,0.0,3.0,0.368,0.25,0.833,0.4621072088724584,14.623145400593472,-21.364985163204746,81.16883116883116,110.0,14.3,0,3.0,54,1627759,1610612738,CHA,1610612766,BOS vs. CHA,33.7,19.0,6.0,-20.0,1.0,6.123233995736766e-17,0.9749279121818236,-0.22252093395631434,1.1,,,,,,,,,,,,,,,,,,,,,,,,,26.6,9.8,8.0,1.0,3.6,0.505,0.36660000000000004,0.8478000000000001,0.6125427598103965,15.07253789268303,10.504873661210073,106.14475924897359,110.0,21.82,27.0,8.0,8.0,0.0,5.0,0.529,0.333,1.0,0.6723107569721116,13.2,6.63157894736842,107.6555023923445,110.0,22.1
2026-03-06,Jaylen_Brown,24.0,7.0,7.0,2.0,3.0,0.529,0.4,0.667,0.6109979633401221,13.597597597597598,21.62162162162162,106.00706713780919,110.0,21.7,0,2.0,55,1627759,1610612738,DAL,1610612742,BOS vs. DAL,33.3,17.0,6.0,20.0,1.0,6.123233995736766e-17,-0.433883739117558,-0.9009688679024191,1.1,,,,,,,,,,,,,,,,,,,,,,,,,26.0,9.0,6.8,1.0,3.8,0.4673999999999999,0.4166,0.8144,0.5859165825372693,15.698514681696604,4.097105739081253,100.80254049212068,110.0,19.720000000000002,20.0,11.0,7.0,0.0,3.0,0.368,0.25,0.833,0.4621072088724584,14.623145400593472,-21.364985163204746,81.16883116883116,110.0,14.3
2026-03-08,Jaylen_Brown,23.0,9.0,8.0,0.0,4.0,0.412,0.333,0.889,0.5486641221374046,13.20634920634921,16.19047619047619,92.1474358974359,110.0,17.0,0,2.0,56,1627759,1610612738,CLE,1610612739,BOS @ CLE,37.8,17.0,9.0,17.0,1.0,6.123233995736766e-17,-0.7818314824680299,0.6234898018587334,1.1,,,,,,,,,,,,,,,,,,,,,,,,,24.4,8.8,6.8,0.8,3.4,0.5018,0.43000000000000005,0.7978000000000001,0.6119623290514475,14.16470086788279,4.821430063405578,105.28504064904511,110.0,20.200000000000003,24.0,7.0,7.0,2.0,3.0,0.529,0.4,0.667,0.6109979633401221,13.597597597597598,21.62162162162162,106.00706713780919,110.0,21.7
2026-03-10,Jaylen_Brown,8.0,2.0,7.0,1.0,2.0,0.5,0.0,0.0,0.5,13.605442176870747,2.4489795918367347,80.0,110.0,7.699999999999999,0,2.0,57,1627759,1610612738,SAS,1610612759,BOS @ SAS,14.7,8.0,0.0,1.0,1.0,6.123233995736766e-17,0.7818314824680298,0.6234898018587336,1.1,,,,,,,,,,,,,,,,,,,,,,,,,24.4,8.4,7.8,0.8,3.4,0.5176,0.46320000000000006,0.7978,0.6295477175814925,13.378751774241389,10.615738319252296,107.83054992797982,110.0,20.92,23.0,9.0,8.0,0.0,4.0,0.412,0.333,0.889,0.5486641221374046,13.20634920634921,16.19047619047619,92.1474358974359,110.0,17.0
2026-03-12,Jaylen_Brown,34.0,6.0,7.0,2.0,6.0,0.4,0.25,0.929,0.5455712451861361,18.305418719211822,-8.866995073891626,91.4962325080732,110.0,21.9,0,2.0,58,1627759,1610612738,OKC,1610612760,BOS @ OKC,40.6,25.0,14.0,-10.0,1.0,6.123233995736766e-17,0.43388373911755823,-0.900968867902419,1.1,,,,,,,,,,,,,,,,,,,,,,,,,20.4,7.4,7.4,0.6,3.4,0.4676,0.26320000000000005,0.6778000000000001,0.5588160102644194,13.646506876282206,5.105534237619643,93.39576731928415,110.0,16.56,8.0,2.0,7.0,1.0,2.0,0.5,0.0,0.0,0.5,13.605442176870747,2.4489795918367347,80.0,110.0,7.699999999999999
2026-03-14,Jaylen_Brown,16.0,4.0,3.0,1.0,3.0,0.462,0.0,1.0,0.5420054200542006,11.6078431372549,9.411764705882353,90.0900900900901,110.0,10.999999999999998,0,2.0,59,1627759,1610612738,WAS,1610612764,BOS vs. WAS,30.6,13.0,4.0,8.0,1.0,6.123233995736766e-17,-0.9749279121818236,-0.2225209339563146,1.1,,,,,,,,,,,,,,,,,,,,,,,,,21.8,7.0,7.2,1.0,3.6,0.4418,0.2466,0.6636,0.5334681079072242,14.667590620124571,2.005819433367633,90.1639133424299,110.0,16.52,34.0,6.0,7.0,2.0,6.0,0.4,0.25,0.929,0.5455712451861361,18.305418719211822,-8.866995073891626,91.4962325080732,110.0,21.9
2026-03-16,Jaylen_Brown,41.0,7.0,6.0,1.0,4.0,0.5,0.4,0.905,0.7010943912448699,16.830379746835444,8.20253164556962,123.34536702767748,110.0,34.599999999999994,0,2.0,60,1627759,1610612738,PHX,1610612756,BOS vs. PHX,39.5,20.0,21.0,9.0,1.0,6.123233995736766e-17,0.0,1.0,1.1,,,,,,,,,,,,,,,,,,,,,,,,,21.0,5.6,6.4,1.2,3.6,0.4606,0.19660000000000005,0.6970000000000001,0.5494477501435726,14.064530167456855,8.161169407185053,91.94816512668169,110.0,15.86,16.0,4.0,3.0,1.0,3.0,0.462,0.0,1.0,0.5420054200542006,11.6078431372549,9.411764705882353,90.0900900900901,110.0,10.999999999999998
2026-03-18,Jaylen_Brown,32.0,6.0,5.0,2.0,5.0,0.55,0.25,1.0,0.667779632721202,16.454545454545453,23.52272727272727,110.49723756906077,110.0,24.299999999999997,0,2.0,61,1627759,1610612738,GSW,1610612744,BOS vs. GSW,35.2,20.0,9.0,23.0,1.0,6.123233995736766e-17,0.9749279121818236,-0.22252093395631434,1.1,,,,,,,,,,,,,,,,,,,,,,,,,24.4,5.6,6.2,1.0,3.8,0.4548,0.19660000000000005,0.7445999999999999,0.5674670357245223,14.711086597304424,5.477351411974653,95.41582510465534,110.0,18.439999999999998,41.0,7.0,6.0,1.0,4.0,0.5,0.4,0.905,0.7010943912448699,16.830379746835444,8.20253164556962,123.34536702767748,110.0,34.599999999999994
2026-03-20,Jaylen_Brown,30.0,6.0,6.0,0.0,1.0,0.435,0.4,1.0,0.5656108597285068,14.408376963350785,8.481675392670155,109.01162790697674,110.0,22.5,0,2.0,62,1627759,1610612738,MEM,1610612763,BOS @ MEM,38.2,23.0,8.0,9.0,1.0,6.123233995736766e-17,-0.433883739117558,-0.9009688679024191,1.1,,,,,,,,,,,,,,,,,,,,,,,,,26.2,5.0,5.6,1.4,4.0,0.4824,0.18000000000000002,0.7668000000000001,0.5912901378412817,15.360725846943671,6.943801628424869,99.08578543898031,110.0,19.9,32.0,6.0,5.0,2.0,5.0,0.55,0.25,1.0,0.667779632721202,16.454545454545453,23.52272727272727,110.49723756906077,110.0,24.299999999999997
2026-03-22,Jaylen_Brown,29.0,7.0,4.0,0.0,3.0,0.346,0.333,0.818,0.4701686121919585,19.172804532577906,-8.158640226628897,85.69739952718675,110.0,15.100000000000001,0,2.0,63,1627759,1610612738,MIN,1610612750,BOS vs. MIN,35.3,26.0,11.0,-8.0,1.0,6.123233995736766e-17,-0.7818314824680299,0.6234898018587334,1.1,,,,,,,,,,,,,,,,,,,,,,,,,30.6,5.8,5.4,1.2,3.8,0.4694,0.26000000000000006,0.9668000000000001,0.604412309786983,15.521312804239681,8.150340788591553,104.88811102037566,110.0,22.859999999999996,30.0,6.0,6.0,0.0,1.0,0.435,0.4,1.0,0.5656108597285068,14.408376963350785,8.481675392670155,109.01162790697674,110.0,22.5
2026-03-25,Jaylen_Brown,31.0,8.0,8.0,2.0,5.0,0.529,0.333,0.857,0.6692573402417962,14.47814910025707,6.4781491002570695,110.08522727272727,110.0,26.1,0,3.0,64,1627759,1610612738,OKC,1610612760,BOS vs. OKC,38.9,17.0,14.0,7.0,1.0,6.123233995736766e-17,0.9749279121818236,-0.22252093395631434,1.1,,,,,,,,,,,,,,,,,,,,,,,,,29.6,6.0,4.8,0.8,3.2,0.4586,0.27660000000000007,0.9446,0.5893317831881475,15.694789966912897,8.292011758044099,103.72834442419837,110.0,21.5,29.0,7.0,4.0,0.0,3.0,0.346,0.333,0.818,0.4701686121919585,19.172804532577906,-8.158640226628897,85.69739952718675,110.0,15.100000000000001
