snapshot_time,snapshot_date,book,book_key,game_id,player_id,player,player_raw,market,line,over_odds,under_odds,no_vig_over,no_vig_under,open_line,current_line,close_line,close_over_odds,close_under_odds,close_status,team,opponent,source
2026-05-09T04:05:18.613508+00:00,2026-05-08,Caesars,caesars,2977815,5809,Victor_Wembanyama,Victor Wembanyama,PTS,37.5,-114.0,-117.0,0.4969864995178399,0.5030135004821601,37.5,37.5,37.5,-114.0,-117.0,provisional_current_snapshot_not_closing,SAS,@MIN,rotowire_current_board
2026-05-09T04:05:18.613508+00:00,2026-05-08,DraftKings,draftkings,2977815,5809,Victor_Wembanyama,Victor Wembanyama,PTS,37.5,-105.0,-125.0,0.4796954314720812,0.5203045685279188,37.5,37.5,37.5,-105.0,-125.0,provisional_current_snapshot_not_closing,SAS,@MIN,rotowire_current_board
2026-05-09T04:05:18.613508+00:00,2026-05-08,Fanatics,fanatics,2977815,5809,Victor_Wembanyama,Victor Wembanyama,PTS,36.5,-130.0,100.0,0.5306122448979592,0.4693877551020409,36.5,36.5,36.5,-130.0,100.0,provisional_current_snapshot_not_closing,SAS,@MIN,rotowire_current_board
2026-05-09T04:05:18.613508+00:00,2026-05-08,FanDuel,fanduel,2977815,5809,Victor_Wembanyama,Victor Wembanyama,PTS,36.5,-130.0,-102.0,0.5281576830249397,0.4718423169750604,36.5,36.5,36.5,-130.0,-102.0,provisional_current_snapshot_not_closing,SAS,@MIN,rotowire_current_board
2026-05-09T04:05:18.613508+00:00,2026-05-08,Hard Rock,hardrock,2977815,5809,Victor_Wembanyama,Victor Wembanyama,PTS,37.5,-120.0,-120.0,0.5,0.5,37.5,37.5,37.5,-120.0,-120.0,provisional_current_snapshot_not_closing,SAS,@MIN,rotowire_current_board
2026-05-09T04:05:18.613508+00:00,2026-05-08,theScore,thescore,2977815,5809,Victor_Wembanyama,Victor Wembanyama,PTS,35.5,-240.0,165.0,0.6516393442622951,0.3483606557377049,35.5,35.5,35.5,-240.0,165.0,provisional_current_snapshot_not_closing,SAS,@MIN,rotowire_current_board
2026-05-09T04:05:18.613508+00:00,2026-05-08,DraftKings,draftkings,2977815,5110,Anthony_Edwards,Anthony Edwards,PTS,32.5,-135.0,105.0,0.5407914020517831,0.4592085979482169,32.5,32.5,32.5,-135.0,105.0,provisional_current_snapshot_not_closing,MIN,SAS,rotowire_current_board
2026-05-09T04:05:18.613508+00:00,2026-05-08,Fanatics,fanatics,2977815,5110,Anthony_Edwards,Anthony Edwards,PTS,33.5,-125.0,-105.0,0.5203045685279188,0.4796954314720812,33.5,33.5,33.5,-125.0,-105.0,provisional_current_snapshot_not_closing,MIN,SAS,rotowire_current_board
2026-05-09T04:05:18.613508+00:00,2026-05-08,FanDuel,fanduel,2977815,5110,Anthony_Edwards,Anthony Edwards,PTS,32.5,-144.0,108.0,0.5510744774801295,0.44892552251987045,32.5,32.5,32.5,-144.0,108.0,provisional_current_snapshot_not_closing,MIN,SAS,rotowire_current_board
2026-05-09T04:05:18.613508+00:00,2026-05-08,Hard Rock,hardrock,2977815,5110,Anthony_Edwards,Anthony Edwards,PTS,32.5,-115.0,-120.0,0.4951076320939334,0.5048923679060665,32.5,32.5,32.5,-115.0,-120.0,provisional_current_snapshot_not_closing,MIN,SAS,rotowire_current_board
2026-05-09T04:05:18.613508+00:00,2026-05-08,theScore,thescore,2977815,5110,Anthony_Edwards,Anthony Edwards,PTS,32.5,-120.0,-130.0,0.4911032028469751,0.5088967971530249,32.5,32.5,32.5,-120.0,-130.0,provisional_current_snapshot_not_closing,MIN,SAS,rotowire_current_board
2026-05-09T04:05:18.613508+00:00,2026-05-08,DraftKings,draftkings,2977815,6250,Stephon_Castle,Stephon Castle,PTS,15.5,-130.0,100.0,0.5306122448979592,0.4693877551020409,15.5,15.5,15.5,-130.0,100.0,provisional_current_snapshot_not_closing,SAS,@MIN,rotowire_current_board
2026-05-09T04:05:18.613508+00:00,2026-05-08,Fanatics,fanatics,2977815,6250,Stephon_Castle,Stephon Castle,PTS,15.5,-115.0,-115.0,0.5,0.5,15.5,15.5,15.5,-115.0,-115.0,provisional_current_snapshot_not_closing,SAS,@MIN,rotowire_current_board
2026-05-09T04:05:18.613508+00:00,2026-05-08,FanDuel,fanduel,2977815,6250,Stephon_Castle,Stephon Castle,PTS,15.5,-102.0,-130.0,0.4718423169750604,0.5281576830249397,15.5,15.5,15.5,-102.0,-130.0,provisional_current_snapshot_not_closing,SAS,@MIN,rotowire_current_board
2026-05-09T04:05:18.613508+00:00,2026-05-08,Hard Rock,hardrock,2977815,6250,Stephon_Castle,Stephon Castle,PTS,15.5,-115.0,-125.0,0.490521327014218,0.5094786729857821,15.5,15.5,15.5,-115.0,-125.0,provisional_current_snapshot_not_closing,SAS,@MIN,rotowire_current_board
2026-05-09T04:05:18.613508+00:00,2026-05-08,DraftKings,draftkings,2977815,4116,DeAaron_Fox,De'Aaron Fox,PTS,15.5,-110.0,-120.0,0.48987854251012153,0.5101214574898786,15.5,15.5,15.5,-110.0,-120.0,provisional_current_snapshot_not_closing,SAS,@MIN,rotowire_current_board
2026-05-09T04:05:18.613508+00:00,2026-05-08,Fanatics,fanatics,2977815,4116,DeAaron_Fox,De'Aaron Fox,PTS,15.5,110.0,-145.0,0.4458598726114649,0.554140127388535,15.5,15.5,15.5,110.0,-145.0,provisional_current_snapshot_not_closing,SAS,@MIN,rotowire_current_board
2026-05-09T04:05:18.613508+00:00,2026-05-08,FanDuel,fanduel,2977815,4116,DeAaron_Fox,De'Aaron Fox,PTS,15.5,-114.0,-114.0,0.5,0.5,15.5,15.5,15.5,-114.0,-114.0,provisional_current_snapshot_not_closing,SAS,@MIN,rotowire_current_board
2026-05-09T04:05:18.613508+00:00,2026-05-08,Hard Rock,hardrock,2977815,4116,DeAaron_Fox,De'Aaron Fox,PTS,15.5,-125.0,-115.0,0.5094786729857821,0.490521327014218,15.5,15.5,15.5,-125.0,-115.0,provisional_current_snapshot_not_closing,SAS,@MIN,rotowire_current_board
2026-05-09T04:05:18.613508+00:00,2026-05-08,DraftKings,draftkings,2977815,5221,Jaden_McDaniels,Jaden McDaniels,PTS,14.5,-154.0,120.0,0.5715249662618084,0.42847503373819157,14.5,14.5,14.5,-154.0,120.0,provisional_current_snapshot_not_closing,MIN,SAS,rotowire_current_board
2026-05-09T04:05:18.613508+00:00,2026-05-08,Fanatics,fanatics,2977815,5221,Jaden_McDaniels,Jaden McDaniels,PTS,15.5,125.0,-175.0,0.41121495327102797,0.5887850467289719,15.5,15.5,15.5,125.0,-175.0,provisional_current_snapshot_not_closing,MIN,SAS,rotowire_current_board
2026-05-09T04:05:18.613508+00:00,2026-05-08,FanDuel,fanduel,2977815,5221,Jaden_McDaniels,Jaden McDaniels,PTS,14.5,-174.0,130.0,0.5935924058142985,0.4064075941857016,14.5,14.5,14.5,-174.0,130.0,provisional_current_snapshot_not_closing,MIN,SAS,rotowire_current_board
2026-05-09T04:05:18.613508+00:00,2026-05-08,Hard Rock,hardrock,2977815,5221,Jaden_McDaniels,Jaden McDaniels,PTS,14.5,-170.0,120.0,0.5807453416149069,0.4192546583850932,14.5,14.5,14.5,-170.0,120.0,provisional_current_snapshot_not_closing,MIN,SAS,rotowire_current_board
2026-05-09T04:05:18.613508+00:00,2026-05-08,DraftKings,draftkings,2977815,4806,Naz_Reid,Naz Reid,PTS,16.5,-140.0,110.0,0.550561797752809,0.449438202247191,16.5,16.5,16.5,-140.0,110.0,provisional_current_snapshot_not_closing,MIN,SAS,rotowire_current_board
2026-05-09T04:05:18.613508+00:00,2026-05-08,Fanatics,fanatics,2977815,4806,Naz_Reid,Naz Reid,PTS,15.5,110.0,-145.0,0.4458598726114649,0.554140127388535,15.5,15.5,15.5,110.0,-145.0,provisional_current_snapshot_not_closing,MIN,SAS,rotowire_current_board
2026-05-09T04:05:18.613508+00:00,2026-05-08,FanDuel,fanduel,2977815,4806,Naz_Reid,Naz Reid,PTS,16.5,-130.0,-102.0,0.5281576830249397,0.4718423169750604,16.5,16.5,16.5,-130.0,-102.0,provisional_current_snapshot_not_closing,MIN,SAS,rotowire_current_board
2026-05-09T04:05:18.613508+00:00,2026-05-08,Hard Rock,hardrock,2977815,4806,Naz_Reid,Naz Reid,PTS,15.5,-130.0,-105.0,0.5246062992125985,0.4753937007874017,15.5,15.5,15.5,-130.0,-105.0,provisional_current_snapshot_not_closing,MIN,SAS,rotowire_current_board
2026-05-09T04:05:18.613508+00:00,2026-05-08,DraftKings,draftkings,2977815,5113,Devin_Vassell,Devin Vassell,PTS,14.5,-130.0,100.0,0.5306122448979592,0.4693877551020409,14.5,14.5,14.5,-130.0,100.0,provisional_current_snapshot_not_closing,SAS,@MIN,rotowire_current_board
2026-05-09T04:05:18.613508+00:00,2026-05-08,Fanatics,fanatics,2977815,5113,Devin_Vassell,Devin Vassell,PTS,13.5,105.0,-140.0,0.4554079696394686,0.5445920303605313,13.5,13.5,13.5,105.0,-140.0,provisional_current_snapshot_not_closing,SAS,@MIN,rotowire_current_board
2026-05-09T04:05:18.613508+00:00,2026-05-08,DraftKings,draftkings,2977815,5337,Ayo_Dosunmu,Ayo Dosunmu,PTS,11.5,114.0,-145.0,0.4412029533585449,0.558797046641455,11.5,11.5,11.5,114.0,-145.0,provisional_current_snapshot_not_closing,MIN,SAS,rotowire_current_board
2026-05-09T04:05:18.613508+00:00,2026-05-08,Fanatics,fanatics,2977815,5337,Ayo_Dosunmu,Ayo Dosunmu,PTS,11.5,-130.0,100.0,0.5306122448979592,0.4693877551020409,11.5,11.5,11.5,-130.0,100.0,provisional_current_snapshot_not_closing,MIN,SAS,rotowire_current_board
2026-05-09T04:05:18.613508+00:00,2026-05-08,FanDuel,fanduel,2977815,5337,Ayo_Dosunmu,Ayo Dosunmu,PTS,11.5,134.0,-180.0,0.3993154592127781,0.600684540787222,11.5,11.5,11.5,134.0,-180.0,provisional_current_snapshot_not_closing,MIN,SAS,rotowire_current_board
2026-05-09T04:05:18.613508+00:00,2026-05-08,Hard Rock,hardrock,2977815,5337,Ayo_Dosunmu,Ayo Dosunmu,PTS,11.5,100.0,-145.0,0.45794392523364486,0.5420560747663551,11.5,11.5,11.5,100.0,-145.0,provisional_current_snapshot_not_closing,MIN,SAS,rotowire_current_board
2026-05-09T04:05:18.613508+00:00,2026-05-08,DraftKings,draftkings,2977815,3440,Rudy_Gobert,Rudy Gobert,PTS,10.5,135.0,-175.0,0.4007285974499089,0.599271402550091,10.5,10.5,10.5,135.0,-175.0,provisional_current_snapshot_not_closing,MIN,SAS,rotowire_current_board
2026-05-09T04:05:18.613508+00:00,2026-05-08,Fanatics,fanatics,2977815,3440,Rudy_Gobert,Rudy Gobert,PTS,10.5,130.0,-190.0,0.3988995873452545,0.6011004126547456,10.5,10.5,10.5,130.0,-190.0,provisional_current_snapshot_not_closing,MIN,SAS,rotowire_current_board
2026-05-09T04:05:18.613508+00:00,2026-05-08,DraftKings,draftkings,2977815,4782,Keldon_Johnson,Keldon Johnson,PTS,11.5,130.0,-166.0,0.4106205619018215,0.5893794380981784,11.5,11.5,11.5,130.0,-166.0,provisional_current_snapshot_not_closing,SAS,@MIN,rotowire_current_board
2026-05-09T04:05:18.613508+00:00,2026-05-08,Fanatics,fanatics,2977815,4782,Keldon_Johnson,Keldon Johnson,PTS,11.5,105.0,-140.0,0.4554079696394686,0.5445920303605313,11.5,11.5,11.5,105.0,-140.0,provisional_current_snapshot_not_closing,SAS,@MIN,rotowire_current_board
2026-05-09T04:05:18.613508+00:00,2026-05-08,FanDuel,fanduel,2977815,4782,Keldon_Johnson,Keldon Johnson,PTS,11.5,144.0,-194.0,0.3831317764804004,0.6168682235195997,11.5,11.5,11.5,144.0,-194.0,provisional_current_snapshot_not_closing,SAS,@MIN,rotowire_current_board
2026-05-09T04:05:18.613508+00:00,2026-05-08,Hard Rock,hardrock,2977815,4782,Keldon_Johnson,Keldon Johnson,PTS,11.5,180.0,-260.0,0.3308823529411765,0.6691176470588236,11.5,11.5,11.5,180.0,-260.0,provisional_current_snapshot_not_closing,SAS,@MIN,rotowire_current_board
2026-05-09T04:05:18.613508+00:00,2026-05-08,DraftKings,draftkings,2977815,3574,Julius_Randle,Julius Randle,PTS,12.5,105.0,-135.0,0.4592085979482169,0.5407914020517831,12.5,12.5,12.5,105.0,-135.0,provisional_current_snapshot_not_closing,MIN,SAS,rotowire_current_board
2026-05-09T04:05:18.613508+00:00,2026-05-08,Fanatics,fanatics,2977815,3574,Julius_Randle,Julius Randle,PTS,12.5,100.0,-130.0,0.4693877551020409,0.5306122448979592,12.5,12.5,12.5,100.0,-130.0,provisional_current_snapshot_not_closing,MIN,SAS,rotowire_current_board
2026-05-09T04:05:18.613508+00:00,2026-05-08,FanDuel,fanduel,2977815,3574,Julius_Randle,Julius Randle,PTS,12.5,114.0,-152.0,0.43652993348115304,0.563470066518847,12.5,12.5,12.5,114.0,-152.0,provisional_current_snapshot_not_closing,MIN,SAS,rotowire_current_board
2026-05-09T04:05:18.613508+00:00,2026-05-08,Hard Rock,hardrock,2977815,3574,Julius_Randle,Julius Randle,PTS,12.5,-130.0,-110.0,0.5190114068441064,0.4809885931558936,12.5,12.5,12.5,-130.0,-110.0,provisional_current_snapshot_not_closing,MIN,SAS,rotowire_current_board
2026-05-09T04:05:18.613508+00:00,2026-05-08,Fanatics,fanatics,2977815,5728,Julian_Champagnie,Julian Champagnie,PTS,4.5,105.0,-140.0,0.4554079696394686,0.5445920303605313,4.5,4.5,4.5,105.0,-140.0,provisional_current_snapshot_not_closing,SAS,@MIN,rotowire_current_board
2026-05-09T04:05:18.613508+00:00,2026-05-08,DraftKings,draftkings,2977815,6278,Terrence_Shannon,Terrence Shannon,PTS,5.5,135.0,-175.0,0.4007285974499089,0.599271402550091,5.5,5.5,5.5,135.0,-175.0,provisional_current_snapshot_not_closing,MIN,SAS,rotowire_current_board
2026-05-09T04:05:18.613508+00:00,2026-05-08,Caesars,caesars,2977815,5809,Victor_Wembanyama,Victor Wembanyama,TRB,15.5,-108.0,-124.0,0.4839948783610755,0.5160051216389244,15.5,15.5,15.5,-108.0,-124.0,provisional_current_snapshot_not_closing,SAS,@MIN,rotowire_current_board
2026-05-09T04:05:18.613508+00:00,2026-05-08,DraftKings,draftkings,2977815,5809,Victor_Wembanyama,Victor Wembanyama,TRB,15.5,105.0,-135.0,0.4592085979482169,0.5407914020517831,15.5,15.5,15.5,105.0,-135.0,provisional_current_snapshot_not_closing,SAS,@MIN,rotowire_current_board
2026-05-09T04:05:18.613508+00:00,2026-05-08,Fanatics,fanatics,2977815,5809,Victor_Wembanyama,Victor Wembanyama,TRB,14.5,-210.0,135.0,0.6141879278158058,0.38581207218419417,14.5,14.5,14.5,-210.0,135.0,provisional_current_snapshot_not_closing,SAS,@MIN,rotowire_current_board
2026-05-09T04:05:18.613508+00:00,2026-05-08,FanDuel,fanduel,2977815,5809,Victor_Wembanyama,Victor Wembanyama,TRB,15.5,132.0,-178.0,0.4023387750376288,0.5976612249623713,15.5,15.5,15.5,132.0,-178.0,provisional_current_snapshot_not_closing,SAS,@MIN,rotowire_current_board
2026-05-09T04:05:18.613508+00:00,2026-05-08,Hard Rock,hardrock,2977815,5809,Victor_Wembanyama,Victor Wembanyama,TRB,15.5,110.0,-155.0,0.4392764857881137,0.5607235142118863,15.5,15.5,15.5,110.0,-155.0,provisional_current_snapshot_not_closing,SAS,@MIN,rotowire_current_board
2026-05-09T04:05:18.613508+00:00,2026-05-08,theScore,thescore,2977815,5809,Victor_Wembanyama,Victor Wembanyama,TRB,15.5,110.0,-145.0,0.4458598726114649,0.554140127388535,15.5,15.5,15.5,110.0,-145.0,provisional_current_snapshot_not_closing,SAS,@MIN,rotowire_current_board
2026-05-09T04:05:18.613508+00:00,2026-05-08,DraftKings,draftkings,2977815,5110,Anthony_Edwards,Anthony Edwards,TRB,12.5,-210.0,160.0,0.6378504672897196,0.3621495327102804,12.5,12.5,12.5,-210.0,160.0,provisional_current_snapshot_not_closing,MIN,SAS,rotowire_current_board
2026-05-09T04:05:18.613508+00:00,2026-05-08,Fanatics,fanatics,2977815,5110,Anthony_Edwards,Anthony Edwards,TRB,13.5,115.0,-150.0,0.43668122270742354,0.5633187772925764,13.5,13.5,13.5,115.0,-150.0,provisional_current_snapshot_not_closing,MIN,SAS,rotowire_current_board
2026-05-09T04:05:18.613508+00:00,2026-05-08,FanDuel,fanduel,2977815,5110,Anthony_Edwards,Anthony Edwards,TRB,13.5,158.0,-215.0,0.3621938599517075,0.6378061400482925,13.5,13.5,13.5,158.0,-215.0,provisional_current_snapshot_not_closing,MIN,SAS,rotowire_current_board
2026-05-09T04:05:18.613508+00:00,2026-05-08,Hard Rock,hardrock,2977815,5110,Anthony_Edwards,Anthony Edwards,TRB,13.5,145.0,-200.0,0.37974683544303806,0.6202531645569621,13.5,13.5,13.5,145.0,-200.0,provisional_current_snapshot_not_closing,MIN,SAS,rotowire_current_board
2026-05-09T04:05:18.613508+00:00,2026-05-08,FanDuel,fanduel,2977815,4806,Naz_Reid,Naz Reid,TRB,10.5,-108.0,-122.0,0.48581617766250607,0.5141838223374939,10.5,10.5,10.5,-108.0,-122.0,provisional_current_snapshot_not_closing,MIN,SAS,rotowire_current_board
2026-05-09T04:05:18.613508+00:00,2026-05-08,theScore,thescore,2977815,4806,Naz_Reid,Naz Reid,TRB,10.5,110.0,-145.0,0.4458598726114649,0.554140127388535,10.5,10.5,10.5,110.0,-145.0,provisional_current_snapshot_not_closing,MIN,SAS,rotowire_current_board
2026-05-09T04:05:18.613508+00:00,2026-05-08,Fanatics,fanatics,2977815,5728,Julian_Champagnie,Julian Champagnie,TRB,8.5,-190.0,130.0,0.6011004126547456,0.3988995873452545,8.5,8.5,8.5,-190.0,130.0,provisional_current_snapshot_not_closing,SAS,@MIN,rotowire_current_board
2026-05-09T04:05:18.613508+00:00,2026-05-08,Hard Rock,hardrock,2977815,5728,Julian_Champagnie,Julian Champagnie,TRB,9.5,150.0,-220.0,0.36781609195402304,0.632183908045977,9.5,9.5,9.5,150.0,-220.0,provisional_current_snapshot_not_closing,SAS,@MIN,rotowire_current_board
2026-05-09T04:05:18.613508+00:00,2026-05-08,theScore,thescore,2977815,5728,Julian_Champagnie,Julian Champagnie,TRB,9.5,160.0,-215.0,0.36041189931350115,0.6395881006864989,9.5,9.5,9.5,160.0,-215.0,provisional_current_snapshot_not_closing,SAS,@MIN,rotowire_current_board
2026-05-09T04:05:18.613508+00:00,2026-05-08,Caesars,caesars,2977815,3440,Rudy_Gobert,Rudy Gobert,TRB,7.5,-122.0,-109.0,0.5130795235028978,0.4869204764971024,7.5,7.5,7.5,-122.0,-109.0,provisional_current_snapshot_not_closing,MIN,SAS,rotowire_current_board
2026-05-09T04:05:18.613508+00:00,2026-05-08,DraftKings,draftkings,2977815,3440,Rudy_Gobert,Rudy Gobert,TRB,7.5,-140.0,110.0,0.550561797752809,0.449438202247191,7.5,7.5,7.5,-140.0,110.0,provisional_current_snapshot_not_closing,MIN,SAS,rotowire_current_board
2026-05-09T04:05:18.613508+00:00,2026-05-08,Fanatics,fanatics,2977815,3440,Rudy_Gobert,Rudy Gobert,TRB,7.5,-165.0,125.0,0.5834970530451867,0.4165029469548134,7.5,7.5,7.5,-165.0,125.0,provisional_current_snapshot_not_closing,MIN,SAS,rotowire_current_board
2026-05-09T04:05:18.613508+00:00,2026-05-08,Hard Rock,hardrock,2977815,3440,Rudy_Gobert,Rudy Gobert,TRB,7.5,-135.0,-110.0,0.5230627306273062,0.47693726937269365,7.5,7.5,7.5,-135.0,-110.0,provisional_current_snapshot_not_closing,MIN,SAS,rotowire_current_board
2026-05-09T04:05:18.613508+00:00,2026-05-08,theScore,thescore,2977815,3440,Rudy_Gobert,Rudy Gobert,TRB,7.5,-110.0,-120.0,0.48987854251012153,0.5101214574898786,7.5,7.5,7.5,-110.0,-120.0,provisional_current_snapshot_not_closing,MIN,SAS,rotowire_current_board
2026-05-09T04:05:18.613508+00:00,2026-05-08,DraftKings,draftkings,2977815,5337,Ayo_Dosunmu,Ayo Dosunmu,TRB,6.5,175.0,-230.0,0.34285714285714286,0.6571428571428573,6.5,6.5,6.5,175.0,-230.0,provisional_current_snapshot_not_closing,MIN,SAS,rotowire_current_board
2026-05-09T04:05:18.613508+00:00,2026-05-08,Fanatics,fanatics,2977815,5337,Ayo_Dosunmu,Ayo Dosunmu,TRB,6.5,120.0,-165.0,0.42197452229299365,0.5780254777070064,6.5,6.5,6.5,120.0,-165.0,provisional_current_snapshot_not_closing,MIN,SAS,rotowire_current_board
2026-05-09T04:05:18.613508+00:00,2026-05-08,FanDuel,fanduel,2977815,5337,Ayo_Dosunmu,Ayo Dosunmu,TRB,6.5,162.0,-220.0,0.35698348951361003,0.64301651048639,6.5,6.5,6.5,162.0,-220.0,provisional_current_snapshot_not_closing,MIN,SAS,rotowire_current_board
2026-05-09T04:05:18.613508+00:00,2026-05-08,DraftKings,draftkings,2977815,5221,Jaden_McDaniels,Jaden McDaniels,TRB,6.5,-140.0,110.0,0.550561797752809,0.449438202247191,6.5,6.5,6.5,-140.0,110.0,provisional_current_snapshot_not_closing,MIN,SAS,rotowire_current_board
2026-05-09T04:05:18.613508+00:00,2026-05-08,Fanatics,fanatics,2977815,5221,Jaden_McDaniels,Jaden McDaniels,TRB,6.5,-165.0,120.0,0.5780254777070064,0.42197452229299365,6.5,6.5,6.5,-165.0,120.0,provisional_current_snapshot_not_closing,MIN,SAS,rotowire_current_board
2026-05-09T04:05:18.613508+00:00,2026-05-08,FanDuel,fanduel,2977815,5221,Jaden_McDaniels,Jaden McDaniels,TRB,6.5,-136.0,102.0,0.5379072681704261,0.46209273182957394,6.5,6.5,6.5,-136.0,102.0,provisional_current_snapshot_not_closing,MIN,SAS,rotowire_current_board
2026-05-09T04:05:18.613508+00:00,2026-05-08,Hard Rock,hardrock,2977815,5221,Jaden_McDaniels,Jaden McDaniels,TRB,6.5,-180.0,125.0,0.5912408759124087,0.4087591240875912,6.5,6.5,6.5,-180.0,125.0,provisional_current_snapshot_not_closing,MIN,SAS,rotowire_current_board
2026-05-09T04:05:18.613508+00:00,2026-05-08,DraftKings,draftkings,2977815,5113,Devin_Vassell,Devin Vassell,TRB,5.5,-120.0,-110.0,0.5101214574898786,0.48987854251012153,5.5,5.5,5.5,-120.0,-110.0,provisional_current_snapshot_not_closing,SAS,@MIN,rotowire_current_board
2026-05-09T04:05:18.613508+00:00,2026-05-08,DraftKings,draftkings,2977815,6250,Stephon_Castle,Stephon Castle,TRB,4.5,-160.0,124.0,0.5795601552393274,0.4204398447606727,4.5,4.5,4.5,-160.0,124.0,provisional_current_snapshot_not_closing,SAS,@MIN,rotowire_current_board
2026-05-09T04:05:18.613508+00:00,2026-05-08,Fanatics,fanatics,2977815,6250,Stephon_Castle,Stephon Castle,TRB,4.5,-225.0,140.0,0.6242774566473988,0.37572254335260113,4.5,4.5,4.5,-225.0,140.0,provisional_current_snapshot_not_closing,SAS,@MIN,rotowire_current_board
2026-05-09T04:05:18.613508+00:00,2026-05-08,FanDuel,fanduel,2977815,6250,Stephon_Castle,Stephon Castle,TRB,4.5,-144.0,108.0,0.5510744774801295,0.44892552251987045,4.5,4.5,4.5,-144.0,108.0,provisional_current_snapshot_not_closing,SAS,@MIN,rotowire_current_board
2026-05-09T04:05:18.613508+00:00,2026-05-08,Hard Rock,hardrock,2977815,6250,Stephon_Castle,Stephon Castle,TRB,4.5,-155.0,105.0,0.5547795722391968,0.4452204277608031,4.5,4.5,4.5,-155.0,105.0,provisional_current_snapshot_not_closing,SAS,@MIN,rotowire_current_board
2026-05-09T04:05:18.613508+00:00,2026-05-08,FanDuel,fanduel,2977815,4116,DeAaron_Fox,De'Aaron Fox,TRB,3.5,116.0,-154.0,0.4329742261011864,0.5670257738988136,3.5,3.5,3.5,116.0,-154.0,provisional_current_snapshot_not_closing,SAS,@MIN,rotowire_current_board
2026-05-09T04:05:18.613508+00:00,2026-05-08,Caesars,caesars,2977815,3574,Julius_Randle,Julius Randle,TRB,4.5,-104.0,-129.0,0.47506582621878246,0.5249341737812177,4.5,4.5,4.5,-104.0,-129.0,provisional_current_snapshot_not_closing,MIN,SAS,rotowire_current_board
2026-05-09T04:05:18.613508+00:00,2026-05-08,DraftKings,draftkings,2977815,3574,Julius_Randle,Julius Randle,TRB,3.5,-230.0,175.0,0.6571428571428573,0.34285714285714286,3.5,3.5,3.5,-230.0,175.0,provisional_current_snapshot_not_closing,MIN,SAS,rotowire_current_board
2026-05-09T04:05:18.613508+00:00,2026-05-08,Fanatics,fanatics,2977815,3574,Julius_Randle,Julius Randle,TRB,4.5,150.0,-240.0,0.3617021276595745,0.6382978723404256,4.5,4.5,4.5,150.0,-240.0,provisional_current_snapshot_not_closing,MIN,SAS,rotowire_current_board
2026-05-09T04:05:18.613508+00:00,2026-05-08,FanDuel,fanduel,2977815,3574,Julius_Randle,Julius Randle,TRB,3.5,-240.0,174.0,0.6591820368885326,0.34081796311146756,3.5,3.5,3.5,-240.0,174.0,provisional_current_snapshot_not_closing,MIN,SAS,rotowire_current_board
2026-05-09T04:05:18.613508+00:00,2026-05-08,Hard Rock,hardrock,2977815,3574,Julius_Randle,Julius Randle,TRB,3.5,-240.0,160.0,0.6473029045643153,0.3526970954356846,3.5,3.5,3.5,-240.0,160.0,provisional_current_snapshot_not_closing,MIN,SAS,rotowire_current_board
2026-05-09T04:05:18.613508+00:00,2026-05-08,theScore,thescore,2977815,3574,Julius_Randle,Julius Randle,TRB,4.5,150.0,-200.0,0.375,0.625,4.5,4.5,4.5,150.0,-200.0,provisional_current_snapshot_not_closing,MIN,SAS,rotowire_current_board
2026-05-09T04:05:18.613508+00:00,2026-05-08,DraftKings,draftkings,2977815,4782,Keldon_Johnson,Keldon Johnson,TRB,2.5,154.0,-200.0,0.3712871287128713,0.6287128712871286,2.5,2.5,2.5,154.0,-200.0,provisional_current_snapshot_not_closing,SAS,@MIN,rotowire_current_board
2026-05-09T04:05:18.613508+00:00,2026-05-08,Fanatics,fanatics,2977815,4782,Keldon_Johnson,Keldon Johnson,TRB,2.5,140.0,-225.0,0.37572254335260113,0.6242774566473988,2.5,2.5,2.5,140.0,-225.0,provisional_current_snapshot_not_closing,SAS,@MIN,rotowire_current_board
2026-05-09T04:05:18.613508+00:00,2026-05-08,Caesars,caesars,2977815,6250,Stephon_Castle,Stephon Castle,AST,12.5,119.0,-159.0,0.4265410648704731,0.5734589351295268,12.5,12.5,12.5,119.0,-159.0,provisional_current_snapshot_not_closing,SAS,@MIN,rotowire_current_board
2026-05-09T04:05:18.613508+00:00,2026-05-08,DraftKings,draftkings,2977815,6250,Stephon_Castle,Stephon Castle,AST,12.5,130.0,-166.0,0.4106205619018215,0.5893794380981784,12.5,12.5,12.5,130.0,-166.0,provisional_current_snapshot_not_closing,SAS,@MIN,rotowire_current_board
2026-05-09T04:05:18.613508+00:00,2026-05-08,Fanatics,fanatics,2977815,6250,Stephon_Castle,Stephon Castle,AST,12.5,100.0,-130.0,0.4693877551020409,0.5306122448979592,12.5,12.5,12.5,100.0,-130.0,provisional_current_snapshot_not_closing,SAS,@MIN,rotowire_current_board
2026-05-09T04:05:18.613508+00:00,2026-05-08,FanDuel,fanduel,2977815,6250,Stephon_Castle,Stephon Castle,AST,12.5,182.0,-250.0,0.3317535545023697,0.6682464454976303,12.5,12.5,12.5,182.0,-250.0,provisional_current_snapshot_not_closing,SAS,@MIN,rotowire_current_board
2026-05-09T04:05:18.613508+00:00,2026-05-08,Hard Rock,hardrock,2977815,6250,Stephon_Castle,Stephon Castle,AST,12.5,145.0,-210.0,0.3759854457246817,0.6240145542753184,12.5,12.5,12.5,145.0,-210.0,provisional_current_snapshot_not_closing,SAS,@MIN,rotowire_current_board
2026-05-09T04:05:18.613508+00:00,2026-05-08,theScore,thescore,2977815,6250,Stephon_Castle,Stephon Castle,AST,12.5,130.0,-170.0,0.40847201210287437,0.5915279878971256,12.5,12.5,12.5,130.0,-170.0,provisional_current_snapshot_not_closing,SAS,@MIN,rotowire_current_board
2026-05-09T04:05:18.613508+00:00,2026-05-08,DraftKings,draftkings,2977815,4116,DeAaron_Fox,De'Aaron Fox,AST,4.5,-154.0,120.0,0.5715249662618084,0.42847503373819157,4.5,4.5,4.5,-154.0,120.0,provisional_current_snapshot_not_closing,SAS,@MIN,rotowire_current_board
2026-05-09T04:05:18.613508+00:00,2026-05-08,Fanatics,fanatics,2977815,4116,DeAaron_Fox,De'Aaron Fox,AST,4.5,-125.0,-105.0,0.5203045685279188,0.4796954314720812,4.5,4.5,4.5,-125.0,-105.0,provisional_current_snapshot_not_closing,SAS,@MIN,rotowire_current_board
2026-05-09T04:05:18.613508+00:00,2026-05-08,FanDuel,fanduel,2977815,4116,DeAaron_Fox,De'Aaron Fox,AST,4.5,-160.0,120.0,0.5751633986928104,0.4248366013071895,4.5,4.5,4.5,-160.0,120.0,provisional_current_snapshot_not_closing,SAS,@MIN,rotowire_current_board
2026-05-09T04:05:18.613508+00:00,2026-05-08,Hard Rock,hardrock,2977815,4116,DeAaron_Fox,De'Aaron Fox,AST,4.5,-160.0,110.0,0.5637583892617449,0.43624161073825496,4.5,4.5,4.5,-160.0,110.0,provisional_current_snapshot_not_closing,SAS,@MIN,rotowire_current_board
2026-05-09T04:05:18.613508+00:00,2026-05-08,Fanatics,fanatics,2977815,4806,Naz_Reid,Naz Reid,AST,5.5,350.0,-700.0,0.20253164556962022,0.7974683544303797,5.5,5.5,5.5,350.0,-700.0,provisional_current_snapshot_not_closing,MIN,SAS,rotowire_current_board
2026-05-09T04:05:18.613508+00:00,2026-05-08,DraftKings,draftkings,2977815,5337,Ayo_Dosunmu,Ayo Dosunmu,AST,4.5,165.0,-215.0,0.3560327776207968,0.6439672223792031,4.5,4.5,4.5,165.0,-215.0,provisional_current_snapshot_not_closing,MIN,SAS,rotowire_current_board
2026-05-09T04:05:18.613508+00:00,2026-05-08,Fanatics,fanatics,2977815,5337,Ayo_Dosunmu,Ayo Dosunmu,AST,4.5,600.0,-1400.0,0.13274336283185842,0.8672566371681416,4.5,4.5,4.5,600.0,-1400.0,provisional_current_snapshot_not_closing,MIN,SAS,rotowire_current_board
2026-05-09T04:05:18.613508+00:00,2026-05-08,FanDuel,fanduel,2977815,5337,Ayo_Dosunmu,Ayo Dosunmu,AST,4.5,164.0,-225.0,0.3536452665941241,0.646354733405876,4.5,4.5,4.5,164.0,-225.0,provisional_current_snapshot_not_closing,MIN,SAS,rotowire_current_board
2026-05-09T04:05:18.613508+00:00,2026-05-08,DraftKings,draftkings,2977815,5110,Anthony_Edwards,Anthony Edwards,AST,4.5,-135.0,105.0,0.5407914020517831,0.4592085979482169,4.5,4.5,4.5,-135.0,105.0,provisional_current_snapshot_not_closing,MIN,SAS,rotowire_current_board
2026-05-09T04:05:18.613508+00:00,2026-05-08,Fanatics,fanatics,2977815,5110,Anthony_Edwards,Anthony Edwards,AST,4.5,-140.0,105.0,0.5445920303605313,0.4554079696394686,4.5,4.5,4.5,-140.0,105.0,provisional_current_snapshot_not_closing,MIN,SAS,rotowire_current_board
2026-05-09T04:05:18.613508+00:00,2026-05-08,FanDuel,fanduel,2977815,5110,Anthony_Edwards,Anthony Edwards,AST,4.5,-130.0,-102.0,0.5281576830249397,0.4718423169750604,4.5,4.5,4.5,-130.0,-102.0,provisional_current_snapshot_not_closing,MIN,SAS,rotowire_current_board
2026-05-09T04:05:18.613508+00:00,2026-05-08,Hard Rock,hardrock,2977815,5110,Anthony_Edwards,Anthony Edwards,AST,4.5,100.0,-140.0,0.46153846153846145,0.5384615384615384,4.5,4.5,4.5,100.0,-140.0,provisional_current_snapshot_not_closing,MIN,SAS,rotowire_current_board
2026-05-09T04:05:18.613508+00:00,2026-05-08,DraftKings,draftkings,2977815,5221,Jaden_McDaniels,Jaden McDaniels,AST,2.5,160.0,-210.0,0.3621495327102804,0.6378504672897196,2.5,2.5,2.5,160.0,-210.0,provisional_current_snapshot_not_closing,MIN,SAS,rotowire_current_board
2026-05-09T04:05:18.613508+00:00,2026-05-08,Fanatics,fanatics,2977815,5221,Jaden_McDaniels,Jaden McDaniels,AST,2.5,135.0,-210.0,0.38581207218419417,0.6141879278158058,2.5,2.5,2.5,135.0,-210.0,provisional_current_snapshot_not_closing,MIN,SAS,rotowire_current_board
2026-05-09T04:05:18.613508+00:00,2026-05-08,Hard Rock,hardrock,2977815,5221,Jaden_McDaniels,Jaden McDaniels,AST,2.5,165.0,-240.0,0.3483606557377049,0.6516393442622951,2.5,2.5,2.5,165.0,-240.0,provisional_current_snapshot_not_closing,MIN,SAS,rotowire_current_board
2026-05-09T04:05:18.613508+00:00,2026-05-08,DraftKings,draftkings,2977815,5113,Devin_Vassell,Devin Vassell,AST,2.5,180.0,-238.0,0.33651931501393867,0.6634806849860613,2.5,2.5,2.5,180.0,-238.0,provisional_current_snapshot_not_closing,SAS,@MIN,rotowire_current_board
2026-05-09T04:05:18.613508+00:00,2026-05-08,Fanatics,fanatics,2977815,5113,Devin_Vassell,Devin Vassell,AST,2.5,175.0,-300.0,0.32653061224489793,0.673469387755102,2.5,2.5,2.5,175.0,-300.0,provisional_current_snapshot_not_closing,SAS,@MIN,rotowire_current_board
2026-05-09T04:05:18.613508+00:00,2026-05-08,FanDuel,fanduel,2977815,3574,Julius_Randle,Julius Randle,AST,0.5,-120.0,-110.0,0.5101214574898786,0.48987854251012153,0.5,0.5,0.5,-120.0,-110.0,provisional_current_snapshot_not_closing,MIN,SAS,rotowire_current_board
2026-05-09T04:05:18.613508+00:00,2026-05-08,Hard Rock,hardrock,2977815,3574,Julius_Randle,Julius Randle,AST,0.5,-115.0,-125.0,0.490521327014218,0.5094786729857821,0.5,0.5,0.5,-115.0,-125.0,provisional_current_snapshot_not_closing,MIN,SAS,rotowire_current_board
2026-05-09T04:05:18.613508+00:00,2026-05-08,theScore,thescore,2977815,3574,Julius_Randle,Julius Randle,AST,1.5,375.0,-675.0,0.1946624803767661,0.805337519623234,1.5,1.5,1.5,375.0,-675.0,provisional_current_snapshot_not_closing,MIN,SAS,rotowire_current_board
2026-05-09T04:05:18.613508+00:00,2026-05-08,FanDuel,fanduel,2977815,5809,Victor_Wembanyama,Victor Wembanyama,AST,0.5,168.0,-230.0,0.34868977176669486,0.6513102282333052,0.5,0.5,0.5,168.0,-230.0,provisional_current_snapshot_not_closing,SAS,@MIN,rotowire_current_board
2026-05-09T04:05:18.613508+00:00,2026-05-08,Hard Rock,hardrock,2977815,5809,Victor_Wembanyama,Victor Wembanyama,AST,0.5,145.0,-210.0,0.3759854457246817,0.6240145542753184,0.5,0.5,0.5,145.0,-210.0,provisional_current_snapshot_not_closing,SAS,@MIN,rotowire_current_board
