fetched_at_utc,event_id,commence_time_utc,event_date_et,home_team,away_team,bookmaker_key,bookmaker_title,market_key,player_name_raw,player_name_norm,line,over_price,under_price,book_count,market_line_std
2026-04-30T03:05:14.071267+00:00,377481,,2026-04-29,ORL,DET,covers_consensus,Covers,player_points,C. LeVert,C_LeVert,5.5,-52.666666666666664,,3,0.0
2026-04-30T03:05:14.071267+00:00,377481,,2026-04-29,ORL,DET,covers_consensus,Covers,player_points,J. Duren,J_Duren,14.5,-116.16666666666667,,6,0.0
2026-04-30T03:05:14.071267+00:00,377481,,2026-04-29,ORL,DET,covers_consensus,Covers,player_points,J. Cain,J_Cain,8.5,-66.4,,5,0.39999999999999997
2026-04-30T03:05:14.142905+00:00,377481,,2026-04-29,ORL,DET,covers_consensus,Covers,player_points,A. Black,A_Black,9.5,-116.83333333333333,,6,0.0
2026-04-30T03:05:14.142905+00:00,377481,,2026-04-29,ORL,DET,covers_consensus,Covers,player_points,D. Robinson,D_Robinson,10.5,-112.5,,6,0.3726779962499649
2026-04-30T03:05:14.155316+00:00,377481,,2026-04-29,ORL,DET,covers_consensus,Covers,player_points,D. Bane,D_Bane,19.5,-77.33333333333333,,6,0.3726779962499649
2026-04-30T03:05:14.155316+00:00,377481,,2026-04-29,ORL,DET,covers_consensus,Covers,player_points,A. Thompson,A_Thompson,10.5,30.333333333333332,,6,0.3726779962499649
2026-04-30T03:05:14.171805+00:00,377481,,2026-04-29,ORL,DET,covers_consensus,Covers,player_points,C. Cunningham,C_Cunningham,28.5,,-114.5,6,0.3726779962499649
2026-04-30T03:05:14.171805+00:00,377481,,2026-04-29,ORL,DET,covers_consensus,Covers,player_points,F. Wagner,F_Wagner,15.5,-121.33333333333333,,3,0.0
2026-04-30T03:05:14.178659+00:00,377481,,2026-04-29,ORL,DET,covers_consensus,Covers,player_points,P. Banchero,P_Banchero,21.5,-117.33333333333333,,6,0.4714045207910317
2026-04-30T03:05:14.180666+00:00,377481,,2026-04-29,ORL,DET,covers_consensus,Covers,player_points,W. Carter Jr.,W_Carter_Jr,10.5,-5.166666666666667,,6,0.0
2026-04-30T03:05:14.180666+00:00,377481,,2026-04-29,ORL,DET,covers_consensus,Covers,player_points,J. Suggs,J_Suggs,14.5,,-80.5,6,0.4714045207910317
2026-04-30T03:05:14.190988+00:00,377481,,2026-04-29,ORL,DET,covers_consensus,Covers,player_points,T. Harris,T_Harris,16.5,,-39.666666666666664,6,0.3726779962499649
2026-04-30T03:05:14.199004+00:00,377481,,2026-04-29,ORL,DET,covers_consensus,Covers,player_rebounds,J. Duren,J_Duren,9.5,-92.66666666666667,,6,0.3726779962499649
2026-04-30T03:05:14.207173+00:00,377481,,2026-04-29,ORL,DET,covers_consensus,Covers,player_rebounds,A. Thompson,A_Thompson,6.5,33.833333333333336,,6,0.0
2026-04-30T03:05:14.207173+00:00,377481,,2026-04-29,ORL,DET,covers_consensus,Covers,player_rebounds,T. Harris,T_Harris,6.5,74.16666666666667,,6,0.0
2026-04-30T03:05:14.233423+00:00,377481,,2026-04-29,ORL,DET,covers_consensus,Covers,player_rebounds,J. Cain,J_Cain,3.5,,-20.6,5,0.0
2026-04-30T03:05:14.246855+00:00,377481,,2026-04-29,ORL,DET,covers_consensus,Covers,player_rebounds,D. Robinson,D_Robinson,2.5,34.666666666666664,,6,0.0
2026-04-30T03:05:14.272440+00:00,377481,,2026-04-29,ORL,DET,covers_consensus,Covers,player_rebounds,C. LeVert,C_LeVert,1.5,-37.2,,5,0.8
2026-04-30T03:05:14.295971+00:00,377481,,2026-04-29,ORL,DET,covers_consensus,Covers,player_rebounds,A. Black,A_Black,2.5,-103.16666666666667,,6,0.3726779962499649
2026-04-30T03:05:14.299979+00:00,377481,,2026-04-29,ORL,DET,covers_consensus,Covers,player_rebounds,C. Cunningham,C_Cunningham,5.5,5.666666666666667,,6,1.4907119849998598
2026-04-30T03:05:14.309046+00:00,377481,,2026-04-29,ORL,DET,covers_consensus,Covers,player_rebounds,P. Banchero,P_Banchero,7.5,-131.5,,6,0.0
2026-04-30T03:05:14.315602+00:00,377481,,2026-04-29,ORL,DET,covers_consensus,Covers,player_rebounds,J. Suggs,J_Suggs,4.0,-18.0,,6,0.5
2026-04-30T03:05:14.320765+00:00,377481,,2026-04-29,ORL,DET,covers_consensus,Covers,player_rebounds,D. Bane,D_Bane,3.5,,28.666666666666668,6,0.4714045207910317
2026-04-30T03:05:14.349102+00:00,377481,,2026-04-29,ORL,DET,covers_consensus,Covers,player_rebounds,W. Carter Jr.,W_Carter_Jr,7.5,-95.33333333333333,,6,0.37267799624996495
2026-04-30T03:05:14.374769+00:00,377481,,2026-04-29,ORL,DET,covers_consensus,Covers,player_rebounds,F. Wagner,F_Wagner,4.5,-117.66666666666667,,3,0.0
2026-04-30T03:05:14.378794+00:00,377481,,2026-04-29,ORL,DET,covers_consensus,Covers,player_assists,C. LeVert,C_LeVert,1.5,-140.83333333333334,,6,0.0
2026-04-30T03:05:14.380798+00:00,377481,,2026-04-29,ORL,DET,covers_consensus,Covers,player_assists,A. Black,A_Black,2.5,37.0,,6,0.0
2026-04-30T03:05:14.384806+00:00,377481,,2026-04-29,ORL,DET,covers_consensus,Covers,player_assists,T. Harris,T_Harris,2.5,120.16666666666667,,6,0.0
2026-04-30T03:05:14.388427+00:00,377481,,2026-04-29,ORL,DET,covers_consensus,Covers,player_assists,J. Suggs,J_Suggs,4.5,-126.0,,6,0.0
2026-04-30T03:05:14.392465+00:00,377481,,2026-04-29,ORL,DET,covers_consensus,Covers,player_assists,D. Bane,D_Bane,3.5,117.83333333333333,,6,0.0
2026-04-30T03:05:14.394470+00:00,377481,,2026-04-29,ORL,DET,covers_consensus,Covers,player_assists,J. Duren,J_Duren,1.5,-160.5,,6,0.0
2026-04-30T03:05:14.400482+00:00,377481,,2026-04-29,ORL,DET,covers_consensus,Covers,player_assists,C. Cunningham,C_Cunningham,9.5,,-130.16666666666666,6,0.0
2026-04-30T03:05:14.404823+00:00,377481,,2026-04-29,ORL,DET,covers_consensus,Covers,player_assists,D. Robinson,D_Robinson,1.5,-167.83333333333334,,6,0.0
2026-04-30T03:05:14.410837+00:00,377481,,2026-04-29,ORL,DET,covers_consensus,Covers,player_assists,A. Thompson,A_Thompson,2.5,-101.66666666666667,,6,0.3726779962499649
2026-04-30T03:05:14.410837+00:00,377481,,2026-04-29,ORL,DET,covers_consensus,Covers,player_assists,F. Wagner,F_Wagner,2.5,-67.66666666666667,,3,0.4714045207910317
2026-04-30T03:05:14.412841+00:00,377481,,2026-04-29,ORL,DET,covers_consensus,Covers,player_assists,P. Banchero,P_Banchero,4.5,-149.33333333333334,,6,0.0
2026-04-30T03:05:14.414844+00:00,377481,,2026-04-29,ORL,DET,covers_consensus,Covers,player_assists,W. Carter Jr.,W_Carter_Jr,1.5,-152.83333333333334,,6,0.0
2026-04-30T03:05:14.414844+00:00,377481,,2026-04-29,ORL,DET,covers_consensus,Covers,player_assists,J. Cain,J_Cain,0.5,-206.5,,2,0.0
2026-04-30T03:05:08.102255+00:00,377353,,2026-04-28,PHI,BOS,covers_consensus,Covers,player_points,J. Embiid,J_Embiid,26.5,,-118.33333333333333,6,0.0
2026-04-30T03:05:08.104915+00:00,377353,,2026-04-28,PHI,BOS,covers_consensus,Covers,player_points,V. Edgecombe,V_Edgecombe,11.5,-126.0,,6,0.0
2026-04-30T03:05:08.104915+00:00,377353,,2026-04-28,PHI,BOS,covers_consensus,Covers,player_points,K. Oubre Jr.,K_Oubre_Jr,9.5,-38.833333333333336,,6,0.0
2026-04-30T03:05:08.106923+00:00,377353,,2026-04-28,PHI,BOS,covers_consensus,Covers,player_points,P. Pritchard,P_Pritchard,13.5,-115.83333333333333,,6,0.3726779962499649
2026-04-30T03:05:08.108930+00:00,377353,,2026-04-28,PHI,BOS,covers_consensus,Covers,player_points,P. George,P_George,14.5,-119.0,,6,0.0
2026-04-30T03:05:08.108930+00:00,377353,,2026-04-28,PHI,BOS,covers_consensus,Covers,player_points,N. Queta,N_Queta,7.5,-127.16666666666667,,6,0.0
2026-04-30T03:05:08.110937+00:00,377353,,2026-04-28,PHI,BOS,covers_consensus,Covers,player_points,T. Maxey,T_Maxey,24.5,,-116.16666666666667,6,0.4714045207910317
2026-04-30T03:05:08.110937+00:00,377353,,2026-04-28,PHI,BOS,covers_consensus,Covers,player_points,S. Hauser,S_Hauser,7.5,-111.33333333333333,,6,0.372677996249965
2026-04-30T03:05:08.112945+00:00,377353,,2026-04-28,PHI,BOS,covers_consensus,Covers,player_points,J. Brown,J_Brown,26.5,-110.66666666666667,,6,0.3726779962499649
2026-04-30T03:05:08.112945+00:00,377353,,2026-04-28,PHI,BOS,covers_consensus,Covers,player_points,J. Tatum,J_Tatum,24.5,,-116.83333333333333,6,0.0
2026-04-30T03:05:08.114952+00:00,377353,,2026-04-28,PHI,BOS,covers_consensus,Covers,player_points,D. White,D_White,12.5,-6.333333333333333,,6,0.0
2026-04-30T03:05:08.116959+00:00,377353,,2026-04-28,PHI,BOS,covers_consensus,Covers,player_rebounds,J. Brown,J_Brown,6.5,110.33333333333333,,6,0.0
2026-04-30T03:05:08.276339+00:00,377353,,2026-04-28,PHI,BOS,covers_consensus,Covers,player_rebounds,N. Queta,N_Queta,6.5,-127.33333333333333,,6,0.0
2026-04-30T03:05:08.276339+00:00,377353,,2026-04-28,PHI,BOS,covers_consensus,Covers,player_rebounds,P. Pritchard,P_Pritchard,3.5,62.5,,6,0.3726779962499649
2026-04-30T03:05:08.318937+00:00,377353,,2026-04-28,PHI,BOS,covers_consensus,Covers,player_rebounds,S. Hauser,S_Hauser,3.5,70.66666666666667,,6,0.0
2026-04-30T03:05:08.320903+00:00,377353,,2026-04-28,PHI,BOS,covers_consensus,Covers,player_rebounds,D. White,D_White,3.5,-162.5,,6,0.0
2026-04-30T03:05:08.320903+00:00,377353,,2026-04-28,PHI,BOS,covers_consensus,Covers,player_rebounds,J. Embiid,J_Embiid,8.5,,-130.0,6,0.0
2026-04-30T03:05:08.352119+00:00,377353,,2026-04-28,PHI,BOS,covers_consensus,Covers,player_rebounds,T. Maxey,T_Maxey,3.5,-116.66666666666667,,6,0.0
2026-04-30T03:05:08.354126+00:00,377353,,2026-04-28,PHI,BOS,covers_consensus,Covers,player_rebounds,K. Oubre Jr.,K_Oubre_Jr,4.5,-93.16666666666667,,6,0.372677996249965
2026-04-30T03:05:08.356133+00:00,377353,,2026-04-28,PHI,BOS,covers_consensus,Covers,player_rebounds,P. George,P_George,5.5,,-148.16666666666666,6,0.0
2026-04-30T03:05:08.356133+00:00,377353,,2026-04-28,PHI,BOS,covers_consensus,Covers,player_rebounds,V. Edgecombe,V_Edgecombe,5.5,-107.66666666666667,,6,0.0
2026-04-30T03:05:08.358139+00:00,377353,,2026-04-28,PHI,BOS,covers_consensus,Covers,player_rebounds,J. Tatum,J_Tatum,9.5,,26.833333333333332,6,0.4714045207910317
2026-04-30T03:05:08.358139+00:00,377353,,2026-04-28,PHI,BOS,covers_consensus,Covers,player_assists,D. White,D_White,4.5,119.16666666666667,,6,0.0
2026-04-30T03:05:08.360146+00:00,377353,,2026-04-28,PHI,BOS,covers_consensus,Covers,player_assists,J. Tatum,J_Tatum,6.5,,110.33333333333333,6,0.0
2026-04-30T03:05:08.423627+00:00,377353,,2026-04-28,PHI,BOS,covers_consensus,Covers,player_assists,N. Queta,N_Queta,0.5,-125.2,,5,0.4
2026-04-30T03:05:08.425635+00:00,377353,,2026-04-28,PHI,BOS,covers_consensus,Covers,player_assists,S. Hauser,S_Hauser,0.5,-214.75,,4,0.0
2026-04-30T03:05:08.425635+00:00,377353,,2026-04-28,PHI,BOS,covers_consensus,Covers,player_assists,T. Maxey,T_Maxey,6.5,,-118.33333333333333,6,0.0
2026-04-30T03:05:08.427642+00:00,377353,,2026-04-28,PHI,BOS,covers_consensus,Covers,player_assists,P. George,P_George,3.0,-29.333333333333332,,6,0.5
2026-04-30T03:05:08.429649+00:00,377353,,2026-04-28,PHI,BOS,covers_consensus,Covers,player_assists,P. Pritchard,P_Pritchard,3.5,-119.33333333333333,,6,0.3726779962499649
2026-04-30T03:05:08.439422+00:00,377353,,2026-04-28,PHI,BOS,covers_consensus,Covers,player_assists,J. Brown,J_Brown,4.5,68.33333333333333,,6,0.0
2026-04-30T03:05:08.440102+00:00,377353,,2026-04-28,PHI,BOS,covers_consensus,Covers,player_assists,V. Edgecombe,V_Edgecombe,3.5,-116.16666666666667,,6,0.0
2026-04-30T03:05:08.442111+00:00,377353,,2026-04-28,PHI,BOS,covers_consensus,Covers,player_assists,K. Oubre Jr.,K_Oubre_Jr,1.5,,-96.0,3,0.4714045207910317
2026-04-30T03:05:08.551896+00:00,377353,,2026-04-28,PHI,BOS,covers_consensus,Covers,player_assists,J. Embiid,J_Embiid,3.5,-70.0,,6,0.4714045207910317
2026-04-30T03:05:12.524834+00:00,377335,,2026-04-29,HOU,LAL,covers_consensus,Covers,player_points,J. Okogie,J_Okogie,3.5,-110.16666666666667,,6,0.0
2026-04-30T03:05:12.661128+00:00,377335,,2026-04-29,HOU,LAL,covers_consensus,Covers,player_points,R. Hachimura,R_Hachimura,12.5,-108.33333333333333,,6,0.0
2026-04-30T03:05:12.724201+00:00,377335,,2026-04-29,HOU,LAL,covers_consensus,Covers,player_points,M. Smart,M_Smart,11.5,,-116.66666666666667,6,0.3726779962499649
2026-04-30T03:05:12.728209+00:00,377335,,2026-04-29,HOU,LAL,covers_consensus,Covers,player_points,A. Reaves,A_Reaves,16.5,-115.16666666666667,,6,0.0
2026-04-30T03:05:12.728209+00:00,377335,,2026-04-29,HOU,LAL,covers_consensus,Covers,player_points,A. Sengun,A_Sengun,22.5,,-109.83333333333333,6,0.0
2026-04-30T03:05:12.739646+00:00,377335,,2026-04-29,HOU,LAL,covers_consensus,Covers,player_points,L. Kennard,L_Kennard,12.5,,-112.33333333333333,6,0.0
2026-04-30T03:05:12.741650+00:00,377335,,2026-04-29,HOU,LAL,covers_consensus,Covers,player_points,L. James,L_James,23.5,,-113.16666666666667,6,0.0
2026-04-30T03:05:12.745657+00:00,377335,,2026-04-29,HOU,LAL,covers_consensus,Covers,player_points,J. Smith Jr.,J_Smith_Jr,17.0,-81.5,,6,0.5
2026-04-30T03:05:12.747660+00:00,377335,,2026-04-29,HOU,LAL,covers_consensus,Covers,player_points,T. Eason,T_Eason,12.5,,-77.33333333333333,6,0.3726779962499649
2026-04-30T03:05:12.751667+00:00,377335,,2026-04-29,HOU,LAL,covers_consensus,Covers,player_points,D. Ayton,D_Ayton,11.5,-79.0,,6,0.3726779962499649
2026-04-30T03:05:12.802723+00:00,377335,,2026-04-29,HOU,LAL,covers_consensus,Covers,player_points,R. Sheppard,R_Sheppard,16.5,-114.5,,6,0.0
2026-04-30T03:05:13.036341+00:00,377335,,2026-04-29,HOU,LAL,covers_consensus,Covers,player_rebounds,J. Okogie,J_Okogie,1.5,-70.5,,6,0.4714045207910317
2026-04-30T03:05:13.050151+00:00,377335,,2026-04-29,HOU,LAL,covers_consensus,Covers,player_rebounds,D. Ayton,D_Ayton,7.5,,-0.8333333333333334,6,0.0
2026-04-30T03:05:13.081712+00:00,377335,,2026-04-29,HOU,LAL,covers_consensus,Covers,player_rebounds,L. Kennard,L_Kennard,3.5,,-37.833333333333336,6,0.0
2026-04-30T03:05:13.146839+00:00,377335,,2026-04-29,HOU,LAL,covers_consensus,Covers,player_rebounds,A. Reaves,A_Reaves,3.0,-19.666666666666668,,6,0.5
2026-04-30T03:05:13.193590+00:00,377335,,2026-04-29,HOU,LAL,covers_consensus,Covers,player_rebounds,J. Smith Jr.,J_Smith_Jr,6.5,-94.33333333333333,,6,0.4714045207910317
2026-04-30T03:05:13.238994+00:00,377335,,2026-04-29,HOU,LAL,covers_consensus,Covers,player_rebounds,L. James,L_James,7.5,,-131.16666666666666,6,0.0
2026-04-30T03:05:13.274604+00:00,377335,,2026-04-29,HOU,LAL,covers_consensus,Covers,player_rebounds,T. Eason,T_Eason,7.5,,-101.0,6,0.372677996249965
2026-04-30T03:05:13.345011+00:00,377335,,2026-04-29,HOU,LAL,covers_consensus,Covers,player_rebounds,A. Sengun,A_Sengun,9.5,32.0,,6,0.0
2026-04-30T03:05:13.352639+00:00,377335,,2026-04-29,HOU,LAL,covers_consensus,Covers,player_rebounds,R. Hachimura,R_Hachimura,3.5,-132.33333333333334,,6,0.0
2026-04-30T03:05:13.352639+00:00,377335,,2026-04-29,HOU,LAL,covers_consensus,Covers,player_rebounds,R. Sheppard,R_Sheppard,3.0,,-18.666666666666668,6,0.5
2026-04-30T03:05:13.352639+00:00,377335,,2026-04-29,HOU,LAL,covers_consensus,Covers,player_rebounds,M. Smart,M_Smart,2.5,-127.33333333333333,,6,0.0
2026-04-30T03:05:13.352639+00:00,377335,,2026-04-29,HOU,LAL,covers_consensus,Covers,player_assists,M. Smart,M_Smart,4.5,,-140.66666666666666,6,0.0
2026-04-30T03:05:13.352639+00:00,377335,,2026-04-29,HOU,LAL,covers_consensus,Covers,player_assists,J. Okogie,J_Okogie,0.5,-137.5,,2,0.0
2026-04-30T03:05:13.421908+00:00,377335,,2026-04-29,HOU,LAL,covers_consensus,Covers,player_assists,L. James,L_James,8.5,,-128.33333333333334,6,0.0
2026-04-30T03:05:13.437538+00:00,377335,,2026-04-29,HOU,LAL,covers_consensus,Covers,player_assists,L. Kennard,L_Kennard,2.5,-143.16666666666666,,6,0.0
2026-04-30T03:05:13.515946+00:00,377335,,2026-04-29,HOU,LAL,covers_consensus,Covers,player_assists,A. Sengun,A_Sengun,5.5,-114.83333333333333,,6,0.0
2026-04-30T03:05:13.817798+00:00,377335,,2026-04-29,HOU,LAL,covers_consensus,Covers,player_assists,T. Eason,T_Eason,1.5,-70.5,,6,0.0
2026-04-30T03:05:13.819050+00:00,377335,,2026-04-29,HOU,LAL,covers_consensus,Covers,player_assists,A. Reaves,A_Reaves,3.5,-68.0,,6,0.4714045207910317
2026-04-30T03:05:13.868894+00:00,377335,,2026-04-29,HOU,LAL,covers_consensus,Covers,player_assists,D. Ayton,D_Ayton,0.5,-182.33333333333334,,3,0.0
2026-04-30T03:05:13.868894+00:00,377335,,2026-04-29,HOU,LAL,covers_consensus,Covers,player_assists,J. Smith Jr.,J_Smith_Jr,1.5,-135.16666666666666,,6,0.0
2026-04-30T03:05:13.884472+00:00,377335,,2026-04-29,HOU,LAL,covers_consensus,Covers,player_assists,R. Hachimura,R_Hachimura,0.5,,8.666666666666666,3,0.4714045207910317
2026-04-30T03:05:13.885477+00:00,377335,,2026-04-29,HOU,LAL,covers_consensus,Covers,player_assists,R. Sheppard,R_Sheppard,4.5,-72.83333333333333,,6,0.0
2026-04-30T03:05:14.278454+00:00,377329,,2026-04-28,ATL,NYK,covers_consensus,Covers,player_points,D. Daniels,D_Daniels,8.5,-116.0,,6,0.0
2026-04-30T03:05:14.280458+00:00,377329,,2026-04-28,ATL,NYK,covers_consensus,Covers,player_points,O. Okongwu,O_Okongwu,12.5,,-116.33333333333333,6,0.3726779962499649
2026-04-30T03:05:14.282461+00:00,377329,,2026-04-28,ATL,NYK,covers_consensus,Covers,player_points,J. Clarkson,J_Clarkson,6.5,,-90.66666666666667,6,0.37267799624996495
2026-04-30T03:05:14.282461+00:00,377329,,2026-04-28,ATL,NYK,covers_consensus,Covers,player_points,M. Bridges,M_Bridges,8.5,-81.16666666666667,,6,0.3726779962499649
2026-04-30T03:05:14.284465+00:00,377329,,2026-04-28,ATL,NYK,covers_consensus,Covers,player_points,O. Anunoby,O_Anunoby,16.5,-115.5,,6,0.0
2026-04-30T03:05:14.285639+00:00,377329,,2026-04-28,ATL,NYK,covers_consensus,Covers,player_points,K. Towns,K_Towns,20.0,-109.16666666666667,,6,0.5
2026-04-30T03:05:14.288213+00:00,377329,,2026-04-28,ATL,NYK,covers_consensus,Covers,player_points,N. Alexander-Walker,N_Alexander-Walker,17.5,-116.33333333333333,,6,0.3726779962499649
2026-04-30T03:05:14.288213+00:00,377329,,2026-04-28,ATL,NYK,covers_consensus,Covers,player_points,J. Brunson,J_Brunson,26.5,,-111.16666666666667,6,0.3726779962499649
2026-04-30T03:05:14.290217+00:00,377329,,2026-04-28,ATL,NYK,covers_consensus,Covers,player_points,M. McBride,M_McBride,8.5,,-117.33333333333333,6,0.3726779962499649
2026-04-30T03:05:14.292222+00:00,377329,,2026-04-28,ATL,NYK,covers_consensus,Covers,player_points,J. Kuminga,J_Kuminga,12.5,-77.83333333333333,,6,0.0
2026-04-30T03:05:14.293967+00:00,377329,,2026-04-28,ATL,NYK,covers_consensus,Covers,player_points,C. McCollum,C_McCollum,20.5,,-117.66666666666667,6,0.3726779962499649
2026-04-30T03:05:14.301982+00:00,377329,,2026-04-28,ATL,NYK,covers_consensus,Covers,player_points,J. Johnson,J_Johnson,20.5,-74.16666666666667,,6,0.3726779962499649
2026-04-30T03:05:14.303989+00:00,377329,,2026-04-28,ATL,NYK,covers_consensus,Covers,player_points,J. Hart,J_Hart,11.5,-76.5,,6,0.0
2026-04-30T03:05:14.305029+00:00,377329,,2026-04-28,ATL,NYK,covers_consensus,Covers,player_points,G. Vincent,G_Vincent,3.5,,-157.25,4,0.0
2026-04-30T03:05:14.307037+00:00,377329,,2026-04-28,ATL,NYK,covers_consensus,Covers,player_rebounds,K. Towns,K_Towns,11.5,-112.83333333333333,,6,0.0
2026-04-30T03:05:14.322398+00:00,377329,,2026-04-28,ATL,NYK,covers_consensus,Covers,player_rebounds,J. Clarkson,J_Clarkson,1.5,,-114.5,2,0.0
2026-04-30T03:05:14.322398+00:00,377329,,2026-04-28,ATL,NYK,covers_consensus,Covers,player_rebounds,M. Bridges,M_Bridges,2.5,112.33333333333333,,6,0.0
2026-04-30T03:05:14.325419+00:00,377329,,2026-04-28,ATL,NYK,covers_consensus,Covers,player_rebounds,D. Daniels,D_Daniels,6.5,,35.5,6,0.0
2026-04-30T03:05:14.327423+00:00,377329,,2026-04-28,ATL,NYK,covers_consensus,Covers,player_rebounds,J. Kuminga,J_Kuminga,4.5,-119.33333333333333,,6,0.0
2026-04-30T03:05:14.327423+00:00,377329,,2026-04-28,ATL,NYK,covers_consensus,Covers,player_rebounds,J. Hart,J_Hart,8.5,,-84.5,6,0.4714045207910317
2026-04-30T03:05:14.329427+00:00,377329,,2026-04-28,ATL,NYK,covers_consensus,Covers,player_rebounds,C. McCollum,C_McCollum,2.5,-100.16666666666667,,6,0.3726779962499649
2026-04-30T03:05:14.333417+00:00,377329,,2026-04-28,ATL,NYK,covers_consensus,Covers,player_rebounds,J. Johnson,J_Johnson,9.5,67.33333333333333,,6,0.3726779962499649
2026-04-30T03:05:14.335403+00:00,377329,,2026-04-28,ATL,NYK,covers_consensus,Covers,player_rebounds,J. Brunson,J_Brunson,2.5,-74.33333333333333,,6,0.4714045207910317
2026-04-30T03:05:14.338222+00:00,377329,,2026-04-28,ATL,NYK,covers_consensus,Covers,player_rebounds,O. Anunoby,O_Anunoby,6.5,,-143.33333333333334,6,0.0
2026-04-30T03:05:14.338222+00:00,377329,,2026-04-28,ATL,NYK,covers_consensus,Covers,player_rebounds,M. McBride,M_McBride,1.5,34.5,,4,0.8660254037844386
2026-04-30T03:05:14.338222+00:00,377329,,2026-04-28,ATL,NYK,covers_consensus,Covers,player_rebounds,O. Okongwu,O_Okongwu,7.5,,-133.0,6,0.0
2026-04-30T03:05:14.341099+00:00,377329,,2026-04-28,ATL,NYK,covers_consensus,Covers,player_rebounds,N. Alexander-Walker,N_Alexander-Walker,3.5,,-161.5,6,0.0
2026-04-30T03:05:14.341099+00:00,377329,,2026-04-28,ATL,NYK,covers_consensus,Covers,player_rebounds,G. Vincent,G_Vincent,0.5,-170.0,,1,0.0
2026-04-30T03:05:14.344091+00:00,377329,,2026-04-28,ATL,NYK,covers_consensus,Covers,player_assists,J. Kuminga,J_Kuminga,1.5,-65.6,,5,0.0
2026-04-30T03:05:14.344091+00:00,377329,,2026-04-28,ATL,NYK,covers_consensus,Covers,player_assists,J. Johnson,J_Johnson,5.5,-101.0,,6,0.37267799624996495
2026-04-30T03:05:14.354904+00:00,377329,,2026-04-28,ATL,NYK,covers_consensus,Covers,player_assists,O. Okongwu,O_Okongwu,2.5,34.666666666666664,,6,0.4714045207910317
2026-04-30T03:05:14.356911+00:00,377329,,2026-04-28,ATL,NYK,covers_consensus,Covers,player_assists,M. Bridges,M_Bridges,2.5,142.5,,6,0.0
2026-04-30T03:05:14.359186+00:00,377329,,2026-04-28,ATL,NYK,covers_consensus,Covers,player_assists,N. Alexander-Walker,N_Alexander-Walker,3.5,80.33333333333333,,6,0.3726779962499649
2026-04-30T03:05:14.359186+00:00,377329,,2026-04-28,ATL,NYK,covers_consensus,Covers,player_assists,J. Clarkson,J_Clarkson,1.5,,-212.0,3,0.0
2026-04-30T03:05:14.361193+00:00,377329,,2026-04-28,ATL,NYK,covers_consensus,Covers,player_assists,J. Brunson,J_Brunson,6.5,-80.33333333333333,,6,0.0
2026-04-30T03:05:14.361193+00:00,377329,,2026-04-28,ATL,NYK,covers_consensus,Covers,player_assists,M. McBride,M_McBride,1.5,-128.8,,5,0.0
2026-04-30T03:05:14.363200+00:00,377329,,2026-04-28,ATL,NYK,covers_consensus,Covers,player_assists,O. Anunoby,O_Anunoby,1.5,-134.33333333333334,,6,0.0
2026-04-30T03:05:14.364948+00:00,377329,,2026-04-28,ATL,NYK,covers_consensus,Covers,player_assists,K. Towns,K_Towns,3.5,,-138.66666666666666,6,0.0
2026-04-30T03:05:14.364948+00:00,377329,,2026-04-28,ATL,NYK,covers_consensus,Covers,player_assists,D. Daniels,D_Daniels,4.5,-146.0,,6,0.0
2026-04-30T03:05:14.366955+00:00,377329,,2026-04-28,ATL,NYK,covers_consensus,Covers,player_assists,C. McCollum,C_McCollum,3.5,-125.33333333333333,,6,0.0
2026-04-30T03:05:14.368752+00:00,377329,,2026-04-28,ATL,NYK,covers_consensus,Covers,player_assists,G. Vincent,G_Vincent,1.5,,-230.0,1,0.0
2026-04-30T03:05:14.368752+00:00,377329,,2026-04-28,ATL,NYK,covers_consensus,Covers,player_assists,J. Hart,J_Hart,4.5,-139.16666666666666,,6,0.0
2026-04-30T03:05:13.113266+00:00,377317,,2026-04-29,TOR,CLE,covers_consensus,Covers,player_points,D. Wade,D_Wade,4.5,-70.66666666666667,,6,0.0
2026-04-30T03:05:13.144835+00:00,377317,,2026-04-29,TOR,CLE,covers_consensus,Covers,player_points,J. Walter,J_Walter,7.5,-119.5,,6,0.0
2026-04-30T03:05:13.160614+00:00,377317,,2026-04-29,TOR,CLE,covers_consensus,Covers,player_points,D. Mitchell,D_Mitchell,27.5,,-110.0,6,0.0
2026-04-30T03:05:13.191586+00:00,377317,,2026-04-29,TOR,CLE,covers_consensus,Covers,player_points,R. Barrett,R_Barrett,19.5,-82.0,,6,0.4714045207910317
2026-04-30T03:05:13.254770+00:00,377317,,2026-04-29,TOR,CLE,covers_consensus,Covers,player_points,J. Poeltl,J_Poeltl,6.5,-118.16666666666667,,6,0.37267799624996495
2026-04-30T03:05:13.272599+00:00,377317,,2026-04-29,TOR,CLE,covers_consensus,Covers,player_points,C. Murray-Boyles,C_Murray-Boyles,11.5,,-39.166666666666664,6,0.3726779962499649
2026-04-30T03:05:13.345011+00:00,377317,,2026-04-29,TOR,CLE,covers_consensus,Covers,player_points,J. Harden,J_Harden,20.5,-112.5,,6,0.3726779962499649
2026-04-30T03:05:13.345011+00:00,377317,,2026-04-29,TOR,CLE,covers_consensus,Covers,player_points,J. Allen,J_Allen,12.0,-47.166666666666664,,6,0.5
2026-04-30T03:05:13.406263+00:00,377317,,2026-04-29,TOR,CLE,covers_consensus,Covers,player_points,B. Ingram,B_Ingram,19.5,-114.33333333333333,,6,0.4714045207910317
2026-04-30T03:05:13.453335+00:00,377317,,2026-04-29,TOR,CLE,covers_consensus,Covers,player_points,E. Mobley,E_Mobley,16.5,-112.66666666666667,,6,0.0
2026-04-30T03:05:13.735822+00:00,377317,,2026-04-29,TOR,CLE,covers_consensus,Covers,player_points,J. Tyson,J_Tyson,6.5,-130.83333333333334,,6,0.0
2026-04-30T03:05:13.801094+00:00,377317,,2026-04-29,TOR,CLE,covers_consensus,Covers,player_points,M. Strus,M_Strus,9.5,-112.16666666666667,,6,0.4714045207910317
2026-04-30T03:05:13.882322+00:00,377317,,2026-04-29,TOR,CLE,covers_consensus,Covers,player_points,S. Barnes,S_Barnes,19.5,-113.33333333333333,,6,0.3726779962499649
2026-04-30T03:05:14.017583+00:00,377317,,2026-04-29,TOR,CLE,covers_consensus,Covers,player_rebounds,D. Wade,D_Wade,3.5,-73.0,,6,0.3726779962499649
2026-04-30T03:05:14.043918+00:00,377317,,2026-04-29,TOR,CLE,covers_consensus,Covers,player_rebounds,M. Strus,M_Strus,3.5,-52.666666666666664,,6,0.4714045207910317
2026-04-30T03:05:14.097647+00:00,377317,,2026-04-29,TOR,CLE,covers_consensus,Covers,player_rebounds,C. Murray-Boyles,C_Murray-Boyles,6.5,,-113.0,6,0.0
2026-04-30T03:05:14.099655+00:00,377317,,2026-04-29,TOR,CLE,covers_consensus,Covers,player_rebounds,R. Barrett,R_Barrett,5.5,38.833333333333336,,6,0.0
2026-04-30T03:05:14.099655+00:00,377317,,2026-04-29,TOR,CLE,covers_consensus,Covers,player_rebounds,J. Tyson,J_Tyson,2.5,-75.33333333333333,,6,0.0
2026-04-30T03:05:14.113349+00:00,377317,,2026-04-29,TOR,CLE,covers_consensus,Covers,player_rebounds,E. Mobley,E_Mobley,8.5,-88.0,,6,0.3726779962499649
2026-04-30T03:05:14.140897+00:00,377317,,2026-04-29,TOR,CLE,covers_consensus,Covers,player_rebounds,S. Barnes,S_Barnes,7.0,,-19.0,6,0.5
2026-04-30T03:05:14.142905+00:00,377317,,2026-04-29,TOR,CLE,covers_consensus,Covers,player_rebounds,J. Poeltl,J_Poeltl,5.5,110.83333333333333,,6,0.0
2026-04-30T03:05:14.142905+00:00,377317,,2026-04-29,TOR,CLE,covers_consensus,Covers,player_rebounds,J. Harden,J_Harden,4.5,32.0,,6,0.0
2026-04-30T03:05:14.152142+00:00,377317,,2026-04-29,TOR,CLE,covers_consensus,Covers,player_rebounds,D. Mitchell,D_Mitchell,4.5,,-132.5,6,0.0
2026-04-30T03:05:14.155316+00:00,377317,,2026-04-29,TOR,CLE,covers_consensus,Covers,player_rebounds,J. Allen,J_Allen,8.5,26.0,,6,0.3726779962499649
2026-04-30T03:05:14.155316+00:00,377317,,2026-04-29,TOR,CLE,covers_consensus,Covers,player_rebounds,J. Walter,J_Walter,2.5,-155.83333333333334,,6,0.0
2026-04-30T03:05:14.155316+00:00,377317,,2026-04-29,TOR,CLE,covers_consensus,Covers,player_rebounds,B. Ingram,B_Ingram,4.5,-150.66666666666666,,6,0.0
2026-04-30T03:05:14.155316+00:00,377317,,2026-04-29,TOR,CLE,covers_consensus,Covers,player_assists,J. Allen,J_Allen,1.5,58.666666666666664,,6,0.4714045207910317
2026-04-30T03:05:14.168764+00:00,377317,,2026-04-29,TOR,CLE,covers_consensus,Covers,player_assists,B. Ingram,B_Ingram,3.5,121.5,,6,0.0
2026-04-30T03:05:14.168764+00:00,377317,,2026-04-29,TOR,CLE,covers_consensus,Covers,player_assists,M. Strus,M_Strus,1.5,-106.0,,5,0.4000000000000001
2026-04-30T03:05:14.171805+00:00,377317,,2026-04-29,TOR,CLE,covers_consensus,Covers,player_assists,D. Wade,D_Wade,1.0,-8.5,,2,0.5
2026-04-30T03:05:14.171805+00:00,377317,,2026-04-29,TOR,CLE,covers_consensus,Covers,player_assists,D. Mitchell,D_Mitchell,4.5,-127.33333333333333,,6,0.0
2026-04-30T03:05:14.171805+00:00,377317,,2026-04-29,TOR,CLE,covers_consensus,Covers,player_assists,R. Barrett,R_Barrett,3.5,-111.0,,6,0.0
2026-04-30T03:05:14.183763+00:00,377317,,2026-04-29,TOR,CLE,covers_consensus,Covers,player_assists,C. Murray-Boyles,C_Murray-Boyles,1.5,-119.5,,6,0.37267799624996495
2026-04-30T03:05:14.185520+00:00,377317,,2026-04-29,TOR,CLE,covers_consensus,Covers,player_assists,J. Poeltl,J_Poeltl,1.5,76.33333333333333,,6,0.0
2026-04-30T03:05:14.185520+00:00,377317,,2026-04-29,TOR,CLE,covers_consensus,Covers,player_assists,J. Harden,J_Harden,6.5,-140.83333333333334,,6,0.0
2026-04-30T03:05:14.185520+00:00,377317,,2026-04-29,TOR,CLE,covers_consensus,Covers,player_assists,J. Tyson,J_Tyson,1.5,,-200.0,1,0.0
2026-04-30T03:05:14.188595+00:00,377317,,2026-04-29,TOR,CLE,covers_consensus,Covers,player_assists,J. Walter,J_Walter,1.5,,-200.0,1,0.0
2026-04-30T03:05:14.192994+00:00,377317,,2026-04-29,TOR,CLE,covers_consensus,Covers,player_assists,E. Mobley,E_Mobley,3.5,,-170.0,6,0.0
2026-04-30T03:05:14.194997+00:00,377317,,2026-04-29,TOR,CLE,covers_consensus,Covers,player_assists,S. Barnes,S_Barnes,6.5,-59.5,,6,0.4714045207910317
2026-04-30T03:05:13.241000+00:00,377311,,2026-04-28,POR,SAS,covers_consensus,Covers,player_points,T. Camara,T_Camara,9.5,-110.66666666666667,,6,0.0
2026-04-30T03:05:13.270591+00:00,377311,,2026-04-28,POR,SAS,covers_consensus,Covers,player_points,D. Harper,D_Harper,9.5,-78.83333333333333,,6,0.3726779962499649
2026-04-30T03:05:13.272599+00:00,377311,,2026-04-28,POR,SAS,covers_consensus,Covers,player_points,S. Henderson,S_Henderson,12.5,-116.83333333333333,,6,0.4714045207910317
2026-04-30T03:05:13.276610+00:00,377311,,2026-04-28,POR,SAS,covers_consensus,Covers,player_points,J. Champagnie,J_Champagnie,7.5,-122.66666666666667,,6,0.4714045207910317
2026-04-30T03:05:13.345011+00:00,377311,,2026-04-28,POR,SAS,covers_consensus,Covers,player_points,D. Clingan,D_Clingan,6.5,-41.0,,6,0.4714045207910317
2026-04-30T03:05:13.368775+00:00,377311,,2026-04-28,POR,SAS,covers_consensus,Covers,player_points,R. Williams III,R_Williams_III,7.5,-79.16666666666667,,6,0.0
2026-04-30T03:05:13.421908+00:00,377311,,2026-04-28,POR,SAS,covers_consensus,Covers,player_points,D. Fox,D_Fox,17.5,-115.5,,6,0.3726779962499649
2026-04-30T03:05:13.865820+00:00,377311,,2026-04-28,POR,SAS,covers_consensus,Covers,player_points,J. Holiday,J_Holiday,16.5,-76.66666666666667,,6,0.0
2026-04-30T03:05:13.865820+00:00,377311,,2026-04-28,POR,SAS,covers_consensus,Covers,player_points,D. Vassell,D_Vassell,12.5,-109.33333333333333,,6,0.0
2026-04-30T03:05:13.868894+00:00,377311,,2026-04-28,POR,SAS,covers_consensus,Covers,player_points,V. Wembanyama,V_Wembanyama,27.5,,-116.5,6,0.4714045207910317
2026-04-30T03:05:13.888707+00:00,377311,,2026-04-28,POR,SAS,covers_consensus,Covers,player_points,J. Grant,J_Grant,13.5,-78.0,,6,0.4714045207910317
2026-04-30T03:05:13.898420+00:00,377311,,2026-04-28,POR,SAS,covers_consensus,Covers,player_points,D. Avdija,D_Avdija,22.5,,-108.33333333333333,6,0.3726779962499649
2026-04-30T03:05:13.914400+00:00,377311,,2026-04-28,POR,SAS,covers_consensus,Covers,player_points,S. Castle,S_Castle,17.5,,-84.5,6,0.3726779962499649
2026-04-30T03:05:13.916408+00:00,377311,,2026-04-28,POR,SAS,covers_consensus,Covers,player_rebounds,D. Clingan,D_Clingan,7.5,-10.333333333333334,,6,0.4714045207910317
2026-04-30T03:05:13.930085+00:00,377311,,2026-04-28,POR,SAS,covers_consensus,Covers,player_rebounds,J. Champagnie,J_Champagnie,4.5,-124.0,,6,0.0
2026-04-30T03:05:13.985768+00:00,377311,,2026-04-28,POR,SAS,covers_consensus,Covers,player_rebounds,D. Vassell,D_Vassell,3.5,-111.16666666666667,,6,0.3726779962499649
2026-04-30T03:05:14.033483+00:00,377311,,2026-04-28,POR,SAS,covers_consensus,Covers,player_rebounds,D. Harper,D_Harper,2.5,-100.66666666666667,,6,0.3726779962499649
2026-04-30T03:05:14.041908+00:00,377311,,2026-04-28,POR,SAS,covers_consensus,Covers,player_rebounds,V. Wembanyama,V_Wembanyama,11.5,-41.166666666666664,,6,0.3726779962499649
2026-04-30T03:05:14.043918+00:00,377311,,2026-04-28,POR,SAS,covers_consensus,Covers,player_rebounds,S. Henderson,S_Henderson,2.5,-111.66666666666667,,6,0.0
2026-04-30T03:05:14.113349+00:00,377311,,2026-04-28,POR,SAS,covers_consensus,Covers,player_rebounds,S. Castle,S_Castle,5.5,107.16666666666667,,6,0.0
2026-04-30T03:05:14.137506+00:00,377311,,2026-04-28,POR,SAS,covers_consensus,Covers,player_rebounds,J. Holiday,J_Holiday,4.5,-90.33333333333333,,6,0.37267799624996495
2026-04-30T03:05:14.152142+00:00,377311,,2026-04-28,POR,SAS,covers_consensus,Covers,player_rebounds,T. Camara,T_Camara,4.5,-134.83333333333334,,6,0.0
2026-04-30T03:05:14.188595+00:00,377311,,2026-04-28,POR,SAS,covers_consensus,Covers,player_rebounds,D. Fox,D_Fox,3.5,,26.0,6,0.3726779962499649
2026-04-30T03:05:14.231226+00:00,377311,,2026-04-28,POR,SAS,covers_consensus,Covers,player_rebounds,D. Avdija,D_Avdija,7.0,-18.166666666666668,,6,0.5
2026-04-30T03:05:14.235428+00:00,377311,,2026-04-28,POR,SAS,covers_consensus,Covers,player_rebounds,R. Williams III,R_Williams_III,8.5,,-125.33333333333333,6,0.0
2026-04-30T03:05:14.237452+00:00,377311,,2026-04-28,POR,SAS,covers_consensus,Covers,player_rebounds,J. Grant,J_Grant,2.5,-138.16666666666666,,6,0.0
2026-04-30T03:05:14.250864+00:00,377311,,2026-04-28,POR,SAS,covers_consensus,Covers,player_assists,S. Henderson,S_Henderson,2.5,-141.0,,6,0.0
2026-04-30T03:05:14.252093+00:00,377311,,2026-04-28,POR,SAS,covers_consensus,Covers,player_assists,D. Harper,D_Harper,2.5,-98.66666666666667,,6,0.3726779962499649
2026-04-30T03:05:14.290217+00:00,377311,,2026-04-28,POR,SAS,covers_consensus,Covers,player_assists,D. Fox,D_Fox,5.5,-126.33333333333333,,6,0.0
2026-04-30T03:05:14.297975+00:00,377311,,2026-04-28,POR,SAS,covers_consensus,Covers,player_assists,D. Vassell,D_Vassell,2.5,117.16666666666667,,6,0.0
2026-04-30T03:05:14.299979+00:00,377311,,2026-04-28,POR,SAS,covers_consensus,Covers,player_assists,V. Wembanyama,V_Wembanyama,3.5,76.33333333333333,,6,0.3726779962499649
2026-04-30T03:05:14.311593+00:00,377311,,2026-04-28,POR,SAS,covers_consensus,Covers,player_assists,D. Avdija,D_Avdija,5.5,-105.0,,6,0.37267799624996495
2026-04-30T03:05:14.313599+00:00,377311,,2026-04-28,POR,SAS,covers_consensus,Covers,player_assists,J. Holiday,J_Holiday,6.0,-18.0,,6,0.5
2026-04-30T03:05:14.318761+00:00,377311,,2026-04-28,POR,SAS,covers_consensus,Covers,player_assists,J. Champagnie,J_Champagnie,1.5,124.0,,3,0.0
2026-04-30T03:05:14.322398+00:00,377311,,2026-04-28,POR,SAS,covers_consensus,Covers,player_assists,T. Camara,T_Camara,1.5,-131.83333333333334,,6,0.0
2026-04-30T03:05:14.329427+00:00,377311,,2026-04-28,POR,SAS,covers_consensus,Covers,player_assists,S. Castle,S_Castle,7.5,,-150.5,6,0.0
2026-04-30T03:05:14.329427+00:00,377311,,2026-04-28,POR,SAS,covers_consensus,Covers,player_assists,R. Williams III,R_Williams_III,1.5,,-151.0,3,0.0
2026-04-30T03:05:14.335403+00:00,377311,,2026-04-28,POR,SAS,covers_consensus,Covers,player_assists,J. Grant,J_Grant,1.5,74.0,,5,0.0
2026-04-30T03:05:14.346095+00:00,377311,,2026-04-28,POR,SAS,covers_consensus,Covers,player_assists,D. Clingan,D_Clingan,1.5,,-119.0,4,0.4330127018922193
