Market_Date,Player,Market_Player_Raw,Market_Event_ID,Market_Commence_Time_UTC,Market_Home_Team,Market_Away_Team,Market_H,Market_TB,Market_R,Market_HR,Market_RBI,Market_K,Market_ER,Market_ERA,Market_Source_H,Market_Source_TB,Market_Source_R,Market_Source_HR,Market_Source_RBI,Market_Source_K,Market_Source_ER,Market_Source_ERA,Market_H_books,Market_TB_books,Market_R_books,Market_HR_books,Market_RBI_books,Market_K_books,Market_ER_books,Market_ERA_books,Market_H_over_price,Market_TB_over_price,Market_R_over_price,Market_HR_over_price,Market_RBI_over_price,Market_K_over_price,Market_ER_over_price,Market_ERA_over_price,Market_H_under_price,Market_TB_under_price,Market_R_under_price,Market_HR_under_price,Market_RBI_under_price,Market_K_under_price,Market_ER_under_price,Market_ERA_under_price,Market_H_line_std,Market_TB_line_std,Market_R_line_std,Market_HR_line_std,Market_RBI_line_std,Market_K_line_std,Market_ER_line_std,Market_ERA_line_std,Market_Fetched_At_UTC
2026-06-19,Adley_Rutschman,Adley Rutschman,2941908,,LAD,BAL,,1.5,0.5,0.5,,,,,missing,real,real,real,missing,missing,missing,missing,,8.0,6.0,9.0,,,,,,57.375,124.83333333333333,540.4444444444445,,,,,,-77.66666666666667,-175.0,,,,,,,0.46291004988627577,0.0,0.0,,,,,2026-06-19T19:09:41.559829+00:00
2026-06-19,Alec_Burleson,Alec Burleson,2941919,,KC,STL,,1.5,0.5,0.5,,,,,missing,real,real,real,missing,missing,missing,missing,,8.0,7.0,9.0,,,,,,-129.5,-86.71428571428571,374.3333333333333,,,,,,-37.833333333333336,-123.33333333333333,,,,,,,0.0,0.0,0.0,,,,,2026-06-19T19:09:41.559829+00:00
2026-06-19,Alejandro_Kirk,Alejandro Kirk,2942550,,CHC,TOR,,1.5,0.5,0.5,,,,,missing,real,real,real,missing,missing,missing,missing,,8.0,7.0,6.0,,,,,,89.66666666666667,166.66666666666666,600.0,,,,,,-117.5,-254.0,,,,,,,0.3535533905932738,0.0,0.0,,,,,2026-06-19T19:09:41.559829+00:00
2026-06-19,Alejandro_Osuna,Alejandro Osuna,2940570,,TEX,SD,,0.5,0.5,0.5,,,,,missing,real,real,real,missing,missing,missing,missing,,7.0,6.0,7.0,,,,,,42.57142857142857,195.5,1041.4285714285713,,,,,,-167.8,-276.6666666666667,,,,,,,0.5345224838248488,0.0,0.0,,,,,2026-06-19T19:09:41.559829+00:00
2026-06-19,Alex_Bregman,Alex Bregman,2942550,,CHC,TOR,,1.5,1.5,0.5,,,,,missing,real,real,real,missing,missing,missing,missing,,8.0,7.0,4.0,,,,,,-126.75,210.0,787.5,,,,,,-45.0,-315.0,,,,,,,0.3535533905932738,0.7559289460184544,0.0,,,,,2026-06-19T19:09:41.559829+00:00
2026-06-19,Alex_Freeland,Alex Freeland,2941908,,LAD,BAL,,1.5,0.5,0.5,,,,,missing,real,real,real,missing,missing,missing,missing,,6.0,4.0,7.0,,,,,,123.5,132.5,808.5714285714286,,,,,,-203.33333333333334,-165.0,,,,,,,0.5163977794943223,0.0,0.0,,,,,2026-06-19T19:09:41.559829+00:00
2026-06-19,Alex_Lange,Alex Lange,2941919,,KC,STL,,,,,,,0.5,,missing,missing,missing,missing,missing,missing,real,missing,,,,,,,3.0,,,,,,,,245.0,,,,,,,,-375.0,,,,,,,,0.0,,2026-06-19T19:09:41.559829+00:00
2026-06-19,Andres_Gimenez,Andres Gimenez,2942550,,CHC,TOR,,0.5,0.5,0.5,,,,,missing,real,real,real,missing,missing,missing,missing,,8.0,7.0,5.0,,,,,,4.0,209.33333333333334,1060.0,,,,,,-118.33333333333333,-317.5,,,,,,,0.5175491695067657,0.0,0.0,,,,,2026-06-19T19:09:41.559829+00:00
2026-06-19,Andrew_Vaughn,Andrew Vaughn,2940322,,ATL,MIL,,1.5,0.5,0.5,,,,,missing,real,real,real,missing,missing,missing,missing,,8.0,7.0,9.0,,,,,,123.25,123.85714285714286,519.7777777777778,,,,,,-159.5,-161.66666666666666,,,,,,,0.0,0.0,0.0,,,,,2026-06-19T19:09:41.559829+00:00
2026-06-19,Andy_Pages,Andy Pages,2941908,,LAD,BAL,,1.5,0.5,0.5,,,,,missing,real,real,real,missing,missing,missing,missing,,8.0,7.0,9.0,,,,,,77.625,-125.57142857142857,380.77777777777777,,,,,,-139.33333333333334,-113.33333333333333,,,,,,,0.0,0.0,0.0,,,,,2026-06-19T19:09:41.559829+00:00
2026-06-19,Anthony_Volpe,Anthony Volpe,2942618,,NYY,CIN,,0.5,0.5,0.5,,,,,missing,real,real,real,missing,missing,missing,missing,,1.0,1.0,1.0,,,,,,-160.0,130.0,550.0,,,,,,120.0,-175.0,,,,,,,0.0,0.0,0.0,,,,,2026-06-19T19:09:41.559829+00:00
2026-06-19,Austin_Riley,Austin Riley,2940322,,ATL,MIL,,1.0,0.5,0.5,,,,,missing,real,real,real,missing,missing,missing,missing,,8.0,7.0,9.0,,,,,,45.25,193.0,564.8888888888889,,,,,,-154.4,-270.0,,,,,,,0.5345224838248488,0.0,0.0,,,,,2026-06-19T19:09:41.559829+00:00
2026-06-19,Beck_Way,Beck Way,2941919,,KC,STL,,,,,,,0.5,,missing,missing,missing,missing,missing,missing,real,missing,,,,,,,1.0,,,,,,,,,,,,,,,,,,,,,,,,0.0,,2026-06-19T19:09:41.559829+00:00
2026-06-19,Ben_Brown,Ben Brown,2942550,,CHC,TOR,,,,,,5.5,1.5,,missing,missing,missing,missing,missing,real,real,missing,,,,,,9.0,5.0,,,,,,,19.2,,,,,,,,-131.66666666666666,-130.0,,,,,,,0.4409585518440987,0.5477225575051662,,2026-06-19T19:09:41.559829+00:00
2026-06-19,Ben_Rice,Ben Rice,2942618,,NYY,CIN,,1.5,0.5,0.5,,,,,missing,real,real,real,missing,missing,missing,missing,,8.0,7.0,9.0,,,,,,-120.25,-176.42857142857142,242.0,,,,,,-77.33333333333333,126.66666666666667,,,,,,,0.0,0.0,0.0,,,,,2026-06-19T19:09:41.559829+00:00
2026-06-19,Billy_Cook,Billy Cook,2941635,,COL,PIT,,1.5,0.5,0.5,,,,,missing,real,real,real,missing,missing,missing,missing,,5.0,2.0,2.0,,,,,,133.33333333333334,110.0,550.0,,,,,,-175.0,-140.0,,,,,,,0.0,0.0,0.0,,,,,2026-06-19T19:09:41.559829+00:00
2026-06-19,Blake_Dunn,Blake Dunn,2942618,,NYY,CIN,,1.0,0.5,0.5,,,,,missing,real,real,real,missing,missing,missing,missing,,8.0,7.0,8.0,,,,,,11.875,155.57142857142858,865.625,,,,,,43.0,-211.8,,,,,,,0.5345224838248488,0.0,0.0,,,,,2026-06-19T19:09:41.559829+00:00
2026-06-19,Blake_Hunt,Blake Hunt,2940570,,TEX,SD,,,,0.5,,,,,missing,missing,missing,real,missing,missing,missing,missing,,,,1.0,,,,,,,,760.0,,,,,,,,,,,,,,,,0.0,,,,,2026-06-19T19:09:41.559829+00:00
2026-06-19,Blake_Perkins,Blake Perkins,2940322,,ATL,MIL,,1.0,0.5,0.5,,,,,missing,real,real,real,missing,missing,missing,missing,,8.0,7.0,8.0,,,,,,35.75,165.42857142857142,877.5,,,,,,28.2,-225.0,,,,,,,0.5345224838248488,0.0,0.0,,,,,2026-06-19T19:09:41.559829+00:00
2026-06-19,Blaze_Alexander,Blaze Alexander,2941908,,LAD,BAL,,1.0,0.5,0.5,,,,,missing,real,real,real,missing,missing,missing,missing,,8.0,7.0,8.0,,,,,,41.875,176.57142857142858,813.125,,,,,,16.4,-240.0,,,,,,,0.5345224838248488,0.0,0.0,,,,,2026-06-19T19:09:41.559829+00:00
2026-06-19,Blaze_Jordan,Blaze Jordan,2941919,,KC,STL,,1.5,0.5,0.5,,,,,missing,real,real,real,missing,missing,missing,missing,,7.0,6.0,7.0,,,,,,44.714285714285715,147.6,751.4285714285714,,,,,,-77.5,-200.0,,,,,,,0.4879500364742666,0.0,0.0,,,,,2026-06-19T19:09:41.559829+00:00
2026-06-19,Bobby_Witt,Bobby Witt,2941919,,KC,STL,,1.5,0.5,0.5,,,,,missing,real,real,real,missing,missing,missing,missing,,3.0,3.0,2.0,,,,,,-113.33333333333333,-110.0,487.5,,,,,,-116.66666666666667,-120.0,,,,,,,0.0,0.0,0.0,,,,,2026-06-19T19:09:41.559829+00:00
2026-06-19,Braden_Montgomery,Braden Montgomery,2940719,,DET,CWS,,1.0,0.5,0.5,,,,,missing,real,real,real,missing,missing,missing,missing,,8.0,7.0,1.0,,,,,,,,800.0,,,,,,,,,,,,,,0.5345224838248488,0.0,0.0,,,,,2026-06-19T19:09:41.559829+00:00
2026-06-19,Brandon_Eisert,Brandon Eisert,2940719,,DET,CWS,,,,,,,0.5,,missing,missing,missing,missing,missing,missing,real,missing,,,,,,,3.0,,,,,,,,171.33333333333334,,,,,,,,-245.0,,,,,,,,0.0,,2026-06-19T19:09:41.559829+00:00
2026-06-19,Brandon_Lowe,Brandon Lowe,2941635,,COL,PIT,,1.5,0.5,0.5,,,,,missing,real,real,real,missing,missing,missing,missing,,8.0,7.0,9.0,,,,,,-93.75,-158.28571428571428,276.3333333333333,,,,,,-38.5,115.0,,,,,,,0.3535533905932738,0.0,0.0,,,,,2026-06-19T19:09:41.559829+00:00
2026-06-19,Brandon_Nimmo,Brandon Nimmo,2940570,,TEX,SD,,1.5,0.5,0.5,,,,,missing,real,real,real,missing,missing,missing,missing,,8.0,7.0,9.0,,,,,,83.75,120.28571428571429,449.0,,,,,,-115.16666666666667,-175.0,,,,,,,0.3535533905932738,0.0,0.0,,,,,2026-06-19T19:09:41.559829+00:00
2026-06-19,Brayan_Rocchio,Brayan Rocchio,2941658,,HOU,CLE,,1.5,0.5,0.5,,,,,missing,real,real,real,missing,missing,missing,missing,,8.0,7.0,8.0,,,,,,62.5,133.85714285714286,868.125,,,,,,-83.83333333333333,-185.0,,,,,,,0.46291004988627577,0.0,0.0,,,,,2026-06-19T19:09:41.559829+00:00
2026-06-19,Brice_Turang,Brice Turang,2940322,,ATL,MIL,,1.5,0.5,0.5,,,,,missing,real,real,real,missing,missing,missing,missing,,8.0,7.0,8.0,,,,,,105.0,121.0,830.625,,,,,,-142.5,-161.66666666666666,,,,,,,0.3535533905932738,0.0,0.0,,,,,2026-06-19T19:09:41.559829+00:00
2026-06-19,Brooks_Lee,Brooks Lee,2940103,,ARI,MIN,,1.0,0.5,0.5,,,,,missing,real,real,real,missing,missing,missing,missing,,8.0,7.0,8.0,,,,,,-11.625,171.42857142857142,832.5,,,,,,67.8,-226.66666666666666,,,,,,,0.5345224838248488,0.0,0.0,,,,,2026-06-19T19:09:41.559829+00:00
2026-06-19,Bryan_Reynolds,Bryan Reynolds,2941635,,COL,PIT,,2.0,0.5,0.5,,,,,missing,real,real,real,missing,missing,missing,missing,,8.0,7.0,9.0,,,,,,-11.5,-150.85714285714286,327.0,,,,,,21.5,38.333333333333336,,,,,,,0.5345224838248487,0.0,0.0,,,,,2026-06-19T19:09:41.559829+00:00
2026-06-19,Bryce_Eldridge,Bryce Eldridge,2941544,,MIA,SF,,1.5,0.5,0.5,,,,,missing,real,real,real,missing,missing,missing,missing,,8.0,7.0,9.0,,,,,,21.375,111.28571428571429,562.0,,,,,,-28.5,-141.66666666666666,,,,,,,0.5175491695067657,0.0,0.0,,,,,2026-06-19T19:09:41.559829+00:00
2026-06-19,Bryce_Miller,Bryce Miller,2941801,,SEA,BOS,,,,,,5.5,1.5,,missing,missing,missing,missing,missing,real,real,missing,,,,,,8.0,5.0,,,,,,,15.125,-116.6,,,,,,,-52.75,-117.4,,,,,,,0.5175491695067657,0.0,,2026-06-19T19:09:41.559829+00:00
2026-06-19,Bubba_Chandler,Bubba Chandler,2941635,,COL,PIT,,,,,,4.5,2.5,,missing,missing,missing,missing,missing,real,real,missing,,,,,,9.0,5.0,,,,,,,-133.44444444444446,-116.2,,,,,,,58.0,-117.2,,,,,,,0.0,0.0,,2026-06-19T19:09:41.559829+00:00
2026-06-19,Byron_Buxton,Byron Buxton,2940103,,ARI,MIN,,1.5,0.5,0.5,,,,,missing,real,real,real,missing,missing,missing,missing,,8.0,7.0,9.0,,,,,,21.5,12.428571428571429,280.6666666666667,,,,,,-134.0,-133.33333333333334,,,,,,,0.0,0.0,0.0,,,,,2026-06-19T19:09:41.559829+00:00
2026-06-19,CJ_Abrams,CJ Abrams,2940947,,TB,WSH,,1.5,0.5,0.5,,,,,missing,real,real,real,missing,missing,missing,missing,,8.0,7.0,8.0,,,,,,91.0,132.8,528.125,,,,,,-119.6,-177.5,,,,,,,0.46291004988627577,0.0,0.0,,,,,2026-06-19T19:09:41.559829+00:00
2026-06-19,Cade_Cavalli,Cade Cavalli,2940947,,TB,WSH,,,,,,4.5,2.5,,missing,missing,missing,missing,missing,real,real,missing,,,,,,9.0,5.0,,,,,,,47.42857142857143,-23.5,,,,,,,-116.83333333333333,-18.0,,,,,,,1.0,0.447213595499958,,2026-06-19T19:09:41.559829+00:00
2026-06-19,Cal_Raleigh,Cal Raleigh,2941801,,SEA,BOS,,1.0,0.5,0.5,,,,,missing,real,real,real,missing,missing,missing,missing,,8.0,6.0,9.0,,,,,,-11.25,132.2,369.8888888888889,,,,,,59.2,-177.5,,,,,,,0.5345224838248488,0.0,0.0,,,,,2026-06-19T19:09:41.559829+00:00
2026-06-19,Caleb_Durbin,Caleb Durbin,2941801,,SEA,BOS,,1.0,0.5,0.5,,,,,missing,real,real,real,missing,missing,missing,missing,,8.0,7.0,8.0,,,,,,37.25,213.42857142857142,983.75,,,,,,-23.0,-298.3333333333333,,,,,,,0.5345224838248488,0.0,0.0,,,,,2026-06-19T19:09:41.559829+00:00
2026-06-19,Cam_Schlittler,Cam Schlittler,2942618,,NYY,CIN,,,,,,6.5,1.5,,missing,missing,missing,missing,missing,real,real,missing,,,,,,9.0,5.0,,,,,,,-143.33333333333334,-163.6,,,,,,,110.33333333333333,119.2,,,,,,,0.0,0.0,,2026-06-19T19:09:41.559829+00:00
2026-06-19,Cam_Smith,Cam Smith,2941658,,HOU,CLE,,1.0,0.5,0.5,,,,,missing,real,real,real,missing,missing,missing,missing,,8.0,7.0,9.0,,,,,,9.625,157.83333333333334,594.4444444444445,,,,,,41.6,-220.0,,,,,,,0.5345224838248488,0.0,0.0,,,,,2026-06-19T19:09:41.559829+00:00
2026-06-19,Carlos_Cortes,Carlos Cortes,2940049,,ATH,LAA,,1.0,0.5,0.5,,,,,missing,real,real,real,missing,missing,missing,missing,,8.0,7.0,9.0,,,,,,-16.125,120.0,671.6666666666666,,,,,,70.2,-166.66666666666666,,,,,,,0.5345224838248488,0.0,0.0,,,,,2026-06-19T19:09:41.559829+00:00
2026-06-19,Carlos_Narvaez,Carlos Narvaez,2941801,,SEA,BOS,,1.5,0.5,0.5,,,,,missing,real,real,real,missing,missing,missing,missing,,2.0,3.0,3.0,,,,,,259.0,236.0,790.0,,,,,,,,,,,,,,0.0,0.0,0.0,,,,,2026-06-19T19:09:41.559829+00:00
2026-06-19,Carson_Kelly,Carson Kelly,2942550,,CHC,TOR,,4.5,0.5,,,,,,missing,real,real,missing,missing,missing,missing,missing,,8.0,7.0,,,,,,,-127.8,210.0,,,,,,,-58.75,-310.0,,,,,,,1.9226098333849675,0.5345224838248488,,,,,,2026-06-19T19:09:41.559829+00:00
2026-06-19,Carter_Jensen,Carter Jensen,2941919,,KC,STL,,1.5,0.5,0.5,,,,,missing,real,real,real,missing,missing,missing,missing,,8.0,7.0,9.0,,,,,,52.375,-113.42857142857143,471.77777777777777,,,,,,-136.66666666666666,-121.66666666666667,,,,,,,0.0,0.0,0.0,,,,,2026-06-19T19:09:41.559829+00:00
2026-06-19,Casey_Schmitt,Casey Schmitt,2941544,,MIA,SF,,1.5,0.5,0.5,,,,,missing,real,real,real,missing,missing,missing,missing,,8.0,7.0,9.0,,,,,,53.5,139.57142857142858,549.2222222222222,,,,,,-73.33333333333333,-196.66666666666666,,,,,,,0.46291004988627577,0.0,0.0,,,,,2026-06-19T19:09:41.559829+00:00
2026-06-19,Ceddanne_Rafaela,Ceddanne Rafaela,2941801,,SEA,BOS,,1.5,0.5,0.5,,,,,missing,real,real,real,missing,missing,missing,missing,,8.0,7.0,9.0,,,,,,147.25,148.42857142857142,683.3333333333334,,,,,,-195.4,-198.33333333333334,,,,,,,0.0,0.0,0.0,,,,,2026-06-19T19:09:41.559829+00:00
2026-06-19,Cedric_Mullins,Cedric Mullins,2940947,,TB,WSH,,1.0,0.5,0.5,,,,,missing,real,real,real,missing,missing,missing,missing,,8.0,7.0,8.0,,,,,,44.166666666666664,120.4,605.0,,,,,,5.0,-162.5,,,,,,,0.5345224838248488,0.0,0.0,,,,,2026-06-19T19:09:41.559829+00:00
2026-06-19,Chandler_Simpson,Chandler Simpson,2940947,,TB,WSH,,1.5,0.5,0.5,,,,,missing,real,real,real,missing,missing,missing,missing,,8.0,7.0,6.0,,,,,,141.57142857142858,164.2,1568.3333333333333,,,,,,-189.0,-225.0,,,,,,,0.0,0.0,0.0,,,,,2026-06-19T19:09:41.559829+00:00
2026-06-19,Chase_Meidroth,Chase Meidroth,2940719,,DET,CWS,,1.0,0.5,0.5,,,,,missing,real,real,real,missing,missing,missing,missing,,8.0,7.0,8.0,,,,,,-12.875,183.28571428571428,1048.75,,,,,,69.6,-257.2,,,,,,,0.5345224838248488,0.0,0.0,,,,,2026-06-19T19:09:41.559829+00:00
2026-06-19,Christian_Moore,Christian Moore,2940049,,ATH,LAA,,1.5,0.5,0.5,,,,,missing,real,real,real,missing,missing,missing,missing,,7.0,7.0,8.0,,,,,,12.857142857142858,128.85714285714286,464.75,,,,,,45.0,-171.66666666666666,,,,,,,0.5345224838248488,0.0,0.0,,,,,2026-06-19T19:09:41.559829+00:00
2026-06-19,Christian_Walker,Christian Walker,2941658,,HOU,CLE,,1.5,0.5,0.5,,,,,missing,real,real,real,missing,missing,missing,missing,,8.0,7.0,9.0,,,,,,119.75,115.14285714285714,324.77777777777777,,,,,,-160.16666666666666,-153.33333333333334,,,,,,,0.0,0.0,0.0,,,,,2026-06-19T19:09:41.559829+00:00
2026-06-19,Christian_Yelich,Christian Yelich,2940322,,ATL,MIL,,1.5,0.5,0.5,,,,,missing,real,real,real,missing,missing,missing,missing,,4.0,4.0,5.0,,,,,,130.0,-3.75,748.0,,,,,,-176.66666666666666,-140.0,,,,,,,0.0,0.0,0.0,,,,,2026-06-19T19:09:41.559829+00:00
2026-06-19,Cody_Bellinger,Cody Bellinger,2942618,,NYY,CIN,,1.5,0.5,0.5,,,,,missing,real,real,real,missing,missing,missing,missing,,8.0,7.0,9.0,,,,,,81.125,-116.28571428571429,335.3333333333333,,,,,,-142.83333333333334,-120.0,,,,,,,0.0,0.0,0.0,,,,,2026-06-19T19:09:41.559829+00:00
2026-06-19,Cole_Carrigg,Cole Carrigg,2941635,,COL,PIT,,1.5,0.5,0.5,,,,,missing,real,real,real,missing,missing,missing,missing,,8.0,7.0,9.0,,,,,,97.0,46.714285714285715,503.6666666666667,,,,,,-168.33333333333334,-140.6,,,,,,,0.0,0.0,0.0,,,,,2026-06-19T19:09:41.559829+00:00
2026-06-19,Cole_Young,Cole Young,2941801,,SEA,BOS,,1.0,0.5,0.5,,,,,missing,real,real,real,missing,missing,missing,missing,,8.0,6.0,8.0,,,,,,24.5,210.0,998.75,,,,,,31.0,-300.0,,,,,,,0.5345224838248488,0.0,0.0,,,,,2026-06-19T19:09:41.559829+00:00
2026-06-19,Colson_Montgomery,Colson Montgomery,2940719,,DET,CWS,,1.0,0.5,0.5,,,,,missing,real,real,real,missing,missing,missing,missing,,8.0,7.0,9.0,,,,,,-9.875,152.57142857142858,430.0,,,,,,59.0,-206.2,,,,,,,0.5345224838248488,0.0,0.0,,,,,2026-06-19T19:09:41.559829+00:00
2026-06-19,Colt_Emerson,Colt Emerson,2941801,,SEA,BOS,,0.5,0.5,0.5,,,,,missing,real,real,real,missing,missing,missing,missing,,7.0,6.0,7.0,,,,,,117.28571428571429,211.66666666666666,897.1428571428571,,,,,,-189.0,-290.0,,,,,,,0.5345224838248488,0.0,0.0,,,,,2026-06-19T19:09:41.559829+00:00
2026-06-19,Colt_Keith,Colt Keith,2940719,,DET,CWS,,1.5,0.5,0.5,,,,,missing,real,real,real,missing,missing,missing,missing,,8.0,7.0,9.0,,,,,,24.125,136.0,693.3333333333334,,,,,,-34.333333333333336,-185.0,,,,,,,0.5175491695067657,0.0,0.0,,,,,2026-06-19T19:09:41.559829+00:00
2026-06-19,Colton_Cowser,Colton Cowser,2941908,,LAD,BAL,,1.0,0.5,0.5,,,,,missing,real,real,real,missing,missing,missing,missing,,8.0,7.0,9.0,,,,,,55.625,170.85714285714286,607.7777777777778,,,,,,-159.6,-220.0,,,,,,,0.5345224838248488,0.0,0.0,,,,,2026-06-19T19:09:41.559829+00:00
2026-06-19,Connor_Joe,Connor Joe,2941801,,SEA,BOS,,1.5,0.5,0.5,,,,,missing,real,real,real,missing,missing,missing,missing,,2.0,2.0,2.0,,,,,,295.0,227.0,985.0,,,,,,,,,,,,,,0.0,0.0,0.0,,,,,2026-06-19T19:09:41.559829+00:00
2026-06-19,Connor_Prielipp,Connor Prielipp,2940103,,ARI,MIN,,,,,,3.5,2.5,,missing,missing,missing,missing,missing,real,real,missing,,,,,,9.0,5.0,,,,,,,-157.22222222222223,-138.8,,,,,,,120.33333333333333,61.6,,,,,,,0.0,0.0,,2026-06-19T19:09:41.559829+00:00
2026-06-19,Connor_Seabold,Connor Seabold,2941919,,KC,STL,,,,,,,0.5,,missing,missing,missing,missing,missing,missing,real,missing,,,,,,,1.0,,,,,,,,145.0,,,,,,,,-210.0,,,,,,,,0.0,,2026-06-19T19:09:41.559829+00:00
2026-06-19,Cooper_Pratt,Cooper Pratt,2940322,,ATL,MIL,,1.0,0.5,0.5,,,,,missing,real,real,real,missing,missing,missing,missing,,8.0,7.0,8.0,,,,,,18.125,156.57142857142858,832.5,,,,,,39.0,-215.0,,,,,,,0.5345224838248488,0.0,0.0,,,,,2026-06-19T19:09:41.559829+00:00
2026-06-19,Corbin_Carroll,Corbin Carroll,2940103,,ARI,MIN,,1.5,0.5,0.5,,,,,missing,real,real,real,missing,missing,missing,missing,,8.0,7.0,9.0,,,,,,80.75,-113.0,497.3333333333333,,,,,,-140.16666666666666,-116.66666666666667,,,,,,,0.0,0.0,0.0,,,,,2026-06-19T19:09:41.559829+00:00
2026-06-19,Curtis_Mead,Curtis Mead,2940947,,TB,WSH,,1.0,0.5,0.5,,,,,missing,real,real,real,missing,missing,missing,missing,,8.0,7.0,8.0,,,,,,51.666666666666664,142.0,643.75,,,,,,10.0,-187.5,,,,,,,0.5345224838248488,0.0,0.0,,,,,2026-06-19T19:09:41.559829+00:00
2026-06-19,Dalton_Rushing,Dalton Rushing,2941908,,LAD,BAL,,1.0,0.5,0.5,,,,,missing,real,real,real,missing,missing,missing,missing,,8.0,7.0,9.0,,,,,,0.5,117.28571428571429,434.44444444444446,,,,,,45.2,-158.33333333333334,,,,,,,0.5345224838248488,0.0,0.0,,,,,2026-06-19T19:09:41.559829+00:00
2026-06-19,Daniel_Lynch,Daniel Lynch,2941919,,KC,STL,,,,,,,0.5,,missing,missing,missing,missing,missing,missing,real,missing,,,,,,,3.0,,,,,,,,200.0,,,,,,,,-300.0,,,,,,,,0.0,,2026-06-19T19:09:41.559829+00:00
2026-06-19,Daniel_Schneemann,Daniel Schneemann,2941658,,HOU,CLE,,1.0,0.5,0.5,,,,,missing,real,real,real,missing,missing,missing,missing,,8.0,7.0,9.0,,,,,,16.625,143.85714285714286,735.0,,,,,,34.8,-190.0,,,,,,,0.5345224838248488,0.0,0.0,,,,,2026-06-19T19:09:41.559829+00:00
2026-06-19,Daniel_Susac,Daniel Susac,2941544,,MIA,SF,,0.5,0.5,0.5,,,,,missing,real,real,real,missing,missing,missing,missing,,7.0,6.0,7.0,,,,,,-8.857142857142858,170.83333333333334,888.5714285714286,,,,,,37.2,-240.0,,,,,,,0.5345224838248488,0.0,0.0,,,,,2026-06-19T19:09:41.559829+00:00
2026-06-19,Dansby_Swanson,Dansby Swanson,2942550,,CHC,TOR,,1.5,0.5,0.5,,,,,missing,real,real,real,missing,missing,missing,missing,,8.0,7.0,4.0,,,,,,-114.8,189.0,712.5,,,,,,-122.5,-275.0,,,,,,,0.46291004988627577,0.48795003647426666,0.0,,,,,2026-06-19T19:09:41.559829+00:00
2026-06-19,David_Fry,David Fry,2941658,,HOU,CLE,,0.5,0.5,0.5,,,,,missing,real,real,real,missing,missing,missing,missing,,1.0,1.0,1.0,,,,,,-110.0,185.0,550.0,,,,,,-120.0,-250.0,,,,,,,0.0,0.0,0.0,,,,,2026-06-19T19:09:41.559829+00:00
2026-06-19,Davis_Schneider,Davis Schneider,2942550,,CHC,TOR,,0.5,0.5,0.5,,,,,missing,real,real,real,missing,missing,missing,missing,,8.0,7.0,5.0,,,,,,145.0,185.0,499.0,,,,,,-223.33333333333334,-277.5,,,,,,,0.5175491695067657,0.0,0.0,,,,,2026-06-19T19:09:41.559829+00:00
2026-06-19,Daylen_Lile,Daylen Lile,2940947,,TB,WSH,,1.5,0.5,0.5,,,,,missing,real,real,real,missing,missing,missing,missing,,8.0,7.0,8.0,,,,,,135.42857142857142,149.4,751.25,,,,,,-179.4,-192.5,,,,,,,0.0,0.0,0.0,,,,,2026-06-19T19:09:41.559829+00:00
2026-06-19,Denzer_Guzman,Denzer Guzman,2940049,,ATH,LAA,,1.0,0.5,0.5,,,,,missing,real,real,real,missing,missing,missing,missing,,8.0,7.0,8.0,,,,,,-12.125,142.57142857142858,540.125,,,,,,62.8,-195.0,,,,,,,0.5345224838248488,0.0,0.0,,,,,2026-06-19T19:09:41.559829+00:00
2026-06-19,Dillon_Dingler,Dillon Dingler,2940719,,DET,CWS,,1.5,0.5,0.5,,,,,missing,real,real,real,missing,missing,missing,missing,,8.0,7.0,9.0,,,,,,-3.25,-120.0,367.6666666666667,,,,,,-132.66666666666666,-115.0,,,,,,,0.0,0.0,0.0,,,,,2026-06-19T19:09:41.559829+00:00
2026-06-19,Dominic_Smith,Dominic Smith,2940322,,ATL,MIL,,1.0,0.5,0.5,,,,,missing,real,real,real,missing,missing,missing,missing,,8.0,7.0,8.0,,,,,,71.625,218.71428571428572,853.125,,,,,,-166.4,-315.0,,,,,,,0.5345224838248488,0.0,0.0,,,,,2026-06-19T19:09:41.559829+00:00
2026-06-19,Drake_Baldwin,Drake Baldwin,2940322,,ATL,MIL,,1.0,0.5,0.5,,,,,missing,real,real,real,missing,missing,missing,missing,,8.0,7.0,9.0,,,,,,-2.5,136.0,472.55555555555554,,,,,,52.0,-176.66666666666666,,,,,,,0.5345224838248488,0.0,0.0,,,,,2026-06-19T19:09:41.559829+00:00
2026-06-19,Drew_Gilbert,Drew Gilbert,2941544,,MIA,SF,,0.5,0.5,0.5,,,,,missing,real,real,real,missing,missing,missing,missing,,7.0,6.0,7.0,,,,,,70.57142857142857,184.2,885.7142857142857,,,,,,-173.2,-258.3333333333333,,,,,,,0.5345224838248488,0.0,0.0,,,,,2026-06-19T19:09:41.559829+00:00
2026-06-19,Dylan_Crews,Dylan Crews,2940947,,TB,WSH,,1.5,0.5,0.5,,,,,missing,real,real,real,missing,missing,missing,missing,,8.0,7.0,8.0,,,,,,40.333333333333336,138.8,625.0,,,,,,15.0,-182.5,,,,,,,0.5175491695067657,0.0,0.0,,,,,2026-06-19T19:09:41.559829+00:00
2026-06-19,Edgar_Quero,Edgar Quero,2940719,,DET,CWS,,1.0,0.5,0.5,,,,,missing,real,real,real,missing,missing,missing,missing,,8.0,7.0,8.0,,,,,,12.25,193.14285714285714,967.5,,,,,,43.6,-273.0,,,,,,,0.5345224838248488,0.0,0.0,,,,,2026-06-19T19:09:41.559829+00:00
2026-06-19,Edwin_Arroyo,Edwin Arroyo,2942618,,NYY,CIN,,0.5,0.5,0.5,,,,,missing,real,real,real,missing,missing,missing,missing,,4.0,4.0,4.0,,,,,,7.666666666666667,251.5,1012.5,,,,,,-5.0,-364.5,,,,,,,0.5,0.0,0.0,,,,,2026-06-19T19:09:41.559829+00:00
2026-06-19,Elias_Diaz,Elias Diaz,2940570,,TEX,SD,,1.0,0.5,0.5,,,,,missing,real,real,real,missing,missing,missing,missing,,4.0,3.0,3.0,,,,,,122.33333333333333,209.66666666666666,858.3333333333334,,,,,,-110.0,-300.0,,,,,,,0.5773502691896257,0.0,0.0,,,,,2026-06-19T19:09:41.559829+00:00
2026-06-19,Endy_Rodriguez,Endy Rodriguez,2941635,,COL,PIT,,1.5,0.5,0.5,,,,,missing,real,real,real,missing,missing,missing,missing,,6.0,5.0,7.0,,,,,,31.333333333333332,-120.25,515.7142857142857,,,,,,-132.8,-115.0,,,,,,,0.0,0.0,0.0,,,,,2026-06-19T19:09:41.559829+00:00
2026-06-19,Erick_Fedde,Erick Fedde,2940719,,DET,CWS,,,,,,3.5,2.5,,missing,missing,missing,missing,missing,real,real,missing,,,,,,6.0,4.0,,,,,,,-110.0,-131.66666666666666,,,,,,,-120.0,-105.0,,,,,,,0.0,0.0,,2026-06-19T19:09:41.559829+00:00
2026-06-19,Ernie_Clement,Ernie Clement,2942550,,CHC,TOR,,1.5,0.5,,,,,,missing,real,real,missing,missing,missing,missing,missing,,8.0,7.0,,,,,,,,,,,,,,,,,,,,,,,0.0,0.0,,,,,,2026-06-19T19:09:41.559829+00:00
2026-06-19,Esmerlyn_Valdez,Esmerlyn Valdez,2941635,,COL,PIT,,1.5,0.5,0.5,,,,,missing,real,real,real,missing,missing,missing,missing,,8.0,7.0,9.0,,,,,,58.5,-116.71428571428571,381.44444444444446,,,,,,-150.5,-118.33333333333333,,,,,,,0.0,0.0,0.0,,,,,2026-06-19T19:09:41.559829+00:00
2026-06-19,Eugenio_Suarez,Eugenio Suarez,2942618,,NYY,CIN,,1.0,0.5,0.5,,,,,missing,real,real,real,missing,missing,missing,missing,,8.0,7.0,9.0,,,,,,25.625,164.71428571428572,439.8888888888889,,,,,,30.8,-216.6,,,,,,,0.5345224838248488,0.0,0.0,,,,,2026-06-19T19:09:41.559829+00:00
2026-06-19,Ezequiel_Duran,Ezequiel Duran,2940570,,TEX,SD,,1.0,0.5,0.5,,,,,missing,real,real,real,missing,missing,missing,missing,,8.0,7.0,8.0,,,,,,-3.125,161.42857142857142,865.0,,,,,,58.6,-215.0,,,,,,,0.5345224838248488,0.0,0.0,,,,,2026-06-19T19:09:41.559829+00:00
2026-06-19,Ezequiel_Tovar,Ezequiel Tovar,2941635,,COL,PIT,,1.5,0.5,0.5,,,,,missing,real,real,real,missing,missing,missing,missing,,8.0,7.0,9.0,,,,,,66.25,127.57142857142857,572.1111111111111,,,,,,-62.0,-168.2,,,,,,,0.4629100498862757,0.0,0.0,,,,,2026-06-19T19:09:41.559829+00:00
2026-06-19,Fernando_Tatis,Fernando Tatis,2940570,,TEX,SD,,1.5,0.5,0.5,,,,,missing,real,real,real,missing,missing,missing,missing,,8.0,7.0,9.0,,,,,,121.375,127.71428571428571,461.55555555555554,,,,,,-162.83333333333334,-173.33333333333334,,,,,,,0.0,0.0,0.0,,,,,2026-06-19T19:09:41.559829+00:00
2026-06-19,Freddie_Freeman,Freddie Freeman,2941908,,LAD,BAL,,1.5,0.5,0.5,,,,,missing,real,real,real,missing,missing,missing,missing,,8.0,7.0,9.0,,,,,,-3.0,-120.0,444.3333333333333,,,,,,-130.0,-115.0,,,,,,,0.0,0.0,0.0,,,,,2026-06-19T19:09:41.559829+00:00
2026-06-19,Gabriel_Arias,Gabriel Arias,2941658,,HOU,CLE,,1.5,0.5,0.5,,,,,missing,real,real,real,missing,missing,missing,missing,,6.0,5.0,8.0,,,,,,89.66666666666667,164.75,631.25,,,,,,-33.333333333333336,-220.0,,,,,,,0.5163977794943223,0.0,0.0,,,,,2026-06-19T19:09:41.559829+00:00
2026-06-19,Gabriel_Moreno,Gabriel Moreno,2940103,,ARI,MIN,,1.5,0.5,0.5,,,,,missing,real,real,real,missing,missing,missing,missing,,8.0,7.0,9.0,,,,,,120.75,108.28571428571429,714.4444444444445,,,,,,-164.0,-145.0,,,,,,,0.0,0.0,0.0,,,,,2026-06-19T19:09:41.559829+00:00
2026-06-19,Garrett_Mitchell,Garrett Mitchell,2940322,,ATL,MIL,,1.0,0.5,0.5,,,,,missing,real,real,real,missing,missing,missing,missing,,8.0,7.0,9.0,,,,,,23.875,155.14285714285714,708.3333333333334,,,,,,26.8,-228.33333333333334,,,,,,,0.5345224838248488,0.0,0.0,,,,,2026-06-19T19:09:41.559829+00:00
2026-06-19,Gary_Sanchez,Gary Sanchez,2940322,,ATL,MIL,,1.5,0.5,0.5,,,,,missing,real,real,real,missing,missing,missing,missing,,5.0,2.0,2.0,,,,,,135.0,125.0,467.5,,,,,,-178.33333333333334,-160.0,,,,,,,0.0,0.0,0.0,,,,,2026-06-19T19:09:41.559829+00:00
2026-06-19,Gavin_Sheets,Gavin Sheets,2940570,,TEX,SD,,1.0,0.5,0.5,,,,,missing,real,real,real,missing,missing,missing,missing,,8.0,6.0,9.0,,,,,,17.625,168.66666666666666,497.77777777777777,,,,,,-7.2,-233.33333333333334,,,,,,,0.5345224838248488,0.0,0.0,,,,,2026-06-19T19:09:41.559829+00:00
2026-06-19,George_Springer,George Springer,2942550,,CHC,TOR,,1.5,0.5,0.5,,,,,missing,real,real,real,missing,missing,missing,missing,,8.0,7.0,5.0,,,,,,-9.0,175.0,615.0,,,,,,-30.0,-255.0,,,,,,,0.5175491695067657,0.0,0.0,,,,,2026-06-19T19:09:41.559829+00:00
2026-06-19,Geraldo_Perdomo,Geraldo Perdomo,2940103,,ARI,MIN,,1.5,0.5,0.5,,,,,missing,real,real,real,missing,missing,missing,missing,,8.0,7.0,8.0,,,,,,136.25,-77.14285714285714,980.0,,,,,,-182.83333333333334,-126.66666666666667,,,,,,,0.0,0.0,0.0,,,,,2026-06-19T19:09:41.559829+00:00
2026-06-19,Griffin_Jax,Griffin Jax,2940947,,TB,WSH,,,,,,4.5,1.5,,missing,missing,missing,missing,missing,real,real,missing,,,,,,9.0,5.0,,,,,,,-119.5,-129.0,,,,,,,-83.375,-35.333333333333336,,,,,,,0.0,0.0,,2026-06-19T19:09:41.559829+00:00
2026-06-19,Gunnar_Henderson,Gunnar Henderson,2941908,,LAD,BAL,,1.5,0.5,0.5,,,,,missing,real,real,real,missing,missing,missing,missing,,8.0,7.0,9.0,,,,,,121.375,105.14285714285714,427.1111111111111,,,,,,-161.66666666666666,-140.0,,,,,,,0.0,0.0,0.0,,,,,2026-06-19T19:09:41.559829+00:00
2026-06-19,Ha-Seong_Kim,Ha-Seong Kim,2940322,,ATL,MIL,,1.5,0.5,0.5,,,,,missing,real,real,real,missing,missing,missing,missing,,3.0,3.0,4.0,,,,,,232.0,237.33333333333334,1142.5,,,,,,-145.0,-325.0,,,,,,,0.5773502691896258,0.0,0.0,,,,,2026-06-19T19:09:41.559829+00:00
2026-06-19,Hao-Yu_Lee,Hao-Yu Lee,2940719,,DET,CWS,,0.5,0.5,0.5,,,,,missing,real,real,real,missing,missing,missing,missing,,6.0,5.0,5.0,,,,,,-71.2,146.5,696.0,,,,,,104.25,-200.0,,,,,,,0.5163977794943222,0.0,0.0,,,,,2026-06-19T19:09:41.559829+00:00
2026-06-19,Henry_Bolte,Henry Bolte,2940049,,ATH,LAA,,1.0,0.5,0.5,,,,,missing,real,real,real,missing,missing,missing,missing,,8.0,7.0,8.0,,,,,,-20.0,125.66666666666667,757.5,,,,,,67.8,-176.66666666666666,,,,,,,0.5345224838248488,0.0,0.0,,,,,2026-06-19T19:09:41.559829+00:00
2026-06-19,Henry_Davis,Henry Davis,2941635,,COL,PIT,,1.5,0.5,0.5,,,,,missing,real,real,real,missing,missing,missing,missing,,4.0,2.0,2.0,,,,,,130.0,105.0,412.5,,,,,,-175.0,-140.0,,,,,,,0.5,0.0,0.0,,,,,2026-06-19T19:09:41.559829+00:00
2026-06-19,Heriberto_Hernandez,Heriberto Hernandez,2941544,,MIA,SF,,1.0,0.5,0.5,,,,,missing,real,real,real,missing,missing,missing,missing,,8.0,7.0,9.0,,,,,,1.5,147.42857142857142,814.4444444444445,,,,,,53.4,-200.0,,,,,,,0.5345224838248488,0.0,0.0,,,,,2026-06-19T19:09:41.559829+00:00
2026-06-19,Hunter_Feduccia,Hunter Feduccia,2940947,,TB,WSH,,0.5,0.5,0.5,,,,,missing,real,real,real,missing,missing,missing,missing,,7.0,6.0,6.0,,,,,,163.4,187.5,1088.3333333333333,,,,,,-235.0,-267.5,,,,,,,0.5345224838248488,0.0,0.0,,,,,2026-06-19T19:09:41.559829+00:00
2026-06-19,Hunter_Goodman,Hunter Goodman,2941635,,COL,PIT,,1.5,0.5,0.5,,,,,missing,real,real,real,missing,missing,missing,missing,,8.0,7.0,9.0,,,,,,-116.875,-130.42857142857142,234.44444444444446,,,,,,-116.66666666666667,-64.6,,,,,,,0.0,0.0,0.0,,,,,2026-06-19T19:09:41.559829+00:00
2026-06-19,Ian_Happ,Ian Happ,2942550,,CHC,TOR,,1.0,1.5,0.5,,,,,missing,real,real,real,missing,missing,missing,missing,,8.0,7.0,5.0,,,,,,12.5,141.0,419.0,,,,,,-85.0,-204.0,,,,,,,0.5345224838248488,0.7559289460184544,0.0,,,,,2026-06-19T19:09:41.559829+00:00
2026-06-19,Ildemaro_Vargas,Ildemaro Vargas,2940103,,ARI,MIN,,1.5,0.5,0.5,,,,,missing,real,real,real,missing,missing,missing,missing,,8.0,7.0,8.0,,,,,,58.0,141.57142857142858,887.5,,,,,,-75.33333333333333,-188.33333333333334,,,,,,,0.46291004988627577,0.0,0.0,,,,,2026-06-19T19:09:41.559829+00:00
2026-06-19,Isaac_Collins,Isaac Collins,2941919,,KC,STL,,1.0,0.5,0.5,,,,,missing,real,real,real,missing,missing,missing,missing,,8.0,7.0,8.0,,,,,,17.0,140.71428571428572,928.75,,,,,,37.4,-188.33333333333334,,,,,,,0.5345224838248488,0.0,0.0,,,,,2026-06-19T19:09:41.559829+00:00
2026-06-19,Isaac_Paredes,Isaac Paredes,2941658,,HOU,CLE,,1.0,0.5,0.5,,,,,missing,real,real,real,missing,missing,missing,missing,,8.0,7.0,9.0,,,,,,-2.125,131.71428571428572,434.8888888888889,,,,,,54.6,-168.33333333333334,,,,,,,0.5345224838248488,0.0,0.0,,,,,2026-06-19T19:09:41.559829+00:00
2026-06-19,Isiah_Kiner-Falefa,Isiah Kiner-Falefa,2941801,,SEA,BOS,,1.0,0.5,0.5,,,,,missing,real,real,real,missing,missing,missing,missing,,8.0,7.0,8.0,,,,,,25.25,244.0,1370.0,,,,,,31.2,-358.3333333333333,,,,,,,0.5345224838248488,0.0,0.0,,,,,2026-06-19T19:09:41.559829+00:00
2026-06-19,Ivan_Herrera,Ivan Herrera,2941919,,KC,STL,,1.5,0.5,0.5,,,,,missing,real,real,real,missing,missing,missing,missing,,8.0,7.0,9.0,,,,,,82.25,-118.57142857142857,553.4444444444445,,,,,,-142.5,-113.33333333333333,,,,,,,0.0,0.0,0.0,,,,,2026-06-19T19:09:41.559829+00:00
2026-06-19,JC_Escarra,J.C. Escarra,2942618,,NYY,CIN,,1.5,0.5,0.5,,,,,missing,real,real,real,missing,missing,missing,missing,,5.0,4.0,6.0,,,,,,87.4,124.0,755.0,,,,,,-180.0,-165.0,,,,,,,0.5477225575051662,0.0,0.0,,,,,2026-06-19T19:09:41.559829+00:00
2026-06-19,JJ_Bleday,JJ Bleday,2942618,,NYY,CIN,,1.0,0.5,0.5,,,,,missing,real,real,real,missing,missing,missing,missing,,8.0,7.0,9.0,,,,,,-14.375,119.42857142857143,328.3333333333333,,,,,,63.6,-161.0,,,,,,,0.5345224838248488,0.0,0.0,,,,,2026-06-19T19:09:41.559829+00:00
2026-06-19,JJ_Wetherholt,JJ Wetherholt,2941919,,KC,STL,,1.5,0.5,0.5,,,,,missing,real,real,real,missing,missing,missing,missing,,8.0,7.0,9.0,,,,,,-85.875,-127.14285714285714,491.8888888888889,,,,,,-120.0,-43.333333333333336,,,,,,,0.0,0.0,0.0,,,,,2026-06-19T19:09:41.559829+00:00
2026-06-19,JP_Crawford,J.P. Crawford,2941801,,SEA,BOS,,1.0,0.5,0.5,,,,,missing,real,real,real,missing,missing,missing,missing,,8.0,6.0,8.0,,,,,,4.375,139.5,911.875,,,,,,51.6,-190.0,,,,,,,0.5345224838248488,0.0,0.0,,,,,2026-06-19T19:09:41.559829+00:00
2026-06-19,Jac_Caglianone,Jac Caglianone,2941919,,KC,STL,,1.5,0.5,0.5,,,,,missing,real,real,real,missing,missing,missing,missing,,8.0,6.0,9.0,,,,,,58.0,36.666666666666664,379.44444444444446,,,,,,-143.83333333333334,-150.0,,,,,,,0.0,0.0,0.0,,,,,2026-06-19T19:09:41.559829+00:00
2026-06-19,Jackson_Chourio,Jackson Chourio,2940322,,ATL,MIL,,1.5,0.5,0.5,,,,,missing,real,real,real,missing,missing,missing,missing,,8.0,7.0,9.0,,,,,,-82.75,-114.42857142857143,416.8888888888889,,,,,,-123.5,-118.33333333333333,,,,,,,0.0,0.0,0.0,,,,,2026-06-19T19:09:41.559829+00:00
2026-06-19,Jackson_Holliday,Jackson Holliday,2941908,,LAD,BAL,,1.0,0.5,0.5,,,,,missing,real,real,real,missing,missing,missing,missing,,8.0,7.0,9.0,,,,,,51.875,173.85714285714286,710.5555555555555,,,,,,-154.0,-231.66666666666666,,,,,,,0.5345224838248488,0.0,0.0,,,,,2026-06-19T19:09:41.559829+00:00
2026-06-19,Jackson_Merrill,Jackson Merrill,2940570,,TEX,SD,,1.5,0.5,0.5,,,,,missing,real,real,real,missing,missing,missing,missing,,8.0,7.0,9.0,,,,,,57.0,154.28571428571428,464.0,,,,,,-76.66666666666667,-208.33333333333334,,,,,,,0.46291004988627577,0.0,0.0,,,,,2026-06-19T19:09:41.559829+00:00
2026-06-19,Jacob_Misiorowski,Jacob Misiorowski,2940322,,ATL,MIL,,,,,,8.5,1.5,,missing,missing,missing,missing,missing,real,real,missing,,,,,,9.0,5.0,,,,,,,56.0,111.6,,,,,,,-130.88888888888889,-150.0,,,,,,,0.0,0.0,,2026-06-19T19:09:41.559829+00:00
2026-06-19,Jacob_Wilson,Jacob Wilson,2940049,,ATH,LAA,,1.5,0.5,0.5,,,,,missing,real,real,real,missing,missing,missing,missing,,8.0,7.0,8.0,,,,,,117.75,117.42857142857143,1070.625,,,,,,-154.33333333333334,-151.66666666666666,,,,,,,0.0,0.0,0.0,,,,,2026-06-19T19:09:41.559829+00:00
2026-06-19,Jacob_Young,Jacob Young,2940947,,TB,WSH,,1.0,0.5,0.5,,,,,missing,real,real,real,missing,missing,missing,missing,,8.0,7.0,7.0,,,,,,90.5,186.2,1185.7142857142858,,,,,,-36.666666666666664,-260.0,,,,,,,0.5345224838248488,0.0,0.0,,,,,2026-06-19T19:09:41.559829+00:00
2026-06-19,Jacob_deGrom,Jacob deGrom,2940570,,TEX,SD,,,,,,6.5,1.5,,missing,missing,missing,missing,missing,real,real,missing,,,,,,9.0,5.0,,,,,,,-109.0,-126.8,,,,,,,-118.66666666666667,-107.6,,,,,,,0.0,0.0,,2026-06-19T19:09:41.559829+00:00
2026-06-19,Jake_Burger,Jake Burger,2940570,,TEX,SD,,1.0,0.5,0.5,,,,,missing,real,real,real,missing,missing,missing,missing,,8.0,7.0,9.0,,,,,,-5.625,150.28571428571428,469.8888888888889,,,,,,56.4,-198.33333333333334,,,,,,,0.5345224838248488,0.0,0.0,,,,,2026-06-19T19:09:41.559829+00:00
2026-06-19,Jake_Mangum,Jake Mangum,2941635,,COL,PIT,,1.5,0.5,0.5,,,,,missing,real,real,real,missing,missing,missing,missing,,4.0,4.0,4.0,,,,,,-111.25,-36.666666666666664,1305.0,,,,,,-122.33333333333333,-150.0,,,,,,,0.0,0.0,0.0,,,,,2026-06-19T19:09:41.559829+00:00
2026-06-19,Jake_McCarthy,Jake McCarthy,2941635,,COL,PIT,,1.5,0.5,0.5,,,,,missing,real,real,real,missing,missing,missing,missing,,8.0,7.0,8.0,,,,,,-53.25,-121.71428571428571,724.375,,,,,,-127.16666666666667,-111.8,,,,,,,0.0,0.0,0.0,,,,,2026-06-19T19:09:41.559829+00:00
2026-06-19,Jake_Meyers,Jake Meyers,2941658,,HOU,CLE,,0.5,0.5,0.5,,,,,missing,real,real,real,missing,missing,missing,missing,,6.0,4.0,6.0,,,,,,-19.0,174.75,884.1666666666666,,,,,,-24.0,-245.0,,,,,,,0.5163977794943222,0.0,0.0,,,,,2026-06-19T19:09:41.559829+00:00
2026-06-19,Jakob_Marsee,Jakob Marsee,2941544,,MIA,SF,,1.0,0.5,0.5,,,,,missing,real,real,real,missing,missing,missing,missing,,8.0,7.0,8.0,,,,,,31.25,148.66666666666666,1083.75,,,,,,20.6,-196.66666666666666,,,,,,,0.5345224838248488,0.0,0.0,,,,,2026-06-19T19:09:41.559829+00:00
2026-06-19,James_Outman,James Outman,2940719,,DET,CWS,,0.5,0.5,0.5,,,,,missing,real,real,real,missing,missing,missing,missing,,7.0,6.0,7.0,,,,,,27.0,142.5,670.7142857142857,,,,,,-158.0,-185.0,,,,,,,0.5345224838248488,0.0,0.0,,,,,2026-06-19T19:09:41.559829+00:00
2026-06-19,James_Wood,James Wood,2940947,,TB,WSH,,1.5,0.5,0.5,,,,,missing,real,real,real,missing,missing,missing,missing,,8.0,7.0,8.0,,,,,,117.71428571428571,-119.0,334.0,,,,,,-160.2,-115.0,,,,,,,0.0,0.0,0.0,,,,,2026-06-19T19:09:41.559829+00:00
2026-06-19,Jared_Triolo,Jared Triolo,2941635,,COL,PIT,,1.5,0.5,0.5,,,,,missing,real,real,real,missing,missing,missing,missing,,8.0,7.0,8.0,,,,,,118.25,-46.857142857142854,816.25,,,,,,-159.83333333333334,-135.0,,,,,,,0.0,0.0,0.0,,,,,2026-06-19T19:09:41.559829+00:00
2026-06-19,Jarren_Duran,Jarren Duran,2941801,,SEA,BOS,,1.5,0.5,0.5,,,,,missing,real,real,real,missing,missing,missing,missing,,8.0,7.0,9.0,,,,,,25.75,146.14285714285714,466.55555555555554,,,,,,-30.5,-190.0,,,,,,,0.5175491695067657,0.0,0.0,,,,,2026-06-19T19:09:41.559829+00:00
2026-06-19,Jasson_Dominguez,Jasson Dominguez,2942618,,NYY,CIN,,1.5,0.5,0.5,,,,,missing,real,real,real,missing,missing,missing,missing,,8.0,7.0,9.0,,,,,,110.625,-128.85714285714286,436.55555555555554,,,,,,-144.0,-38.333333333333336,,,,,,,0.0,0.0,0.0,,,,,2026-06-19T19:09:41.559829+00:00
2026-06-19,Javier_Sanoja,Javier Sanoja,2941544,,MIA,SF,,0.5,0.5,0.5,,,,,missing,real,real,real,missing,missing,missing,missing,,7.0,5.0,7.0,,,,,,-18.857142857142858,169.4,1410.0,,,,,,48.2,-241.66666666666666,,,,,,,0.5345224838248488,0.0,0.0,,,,,2026-06-19T19:09:41.559829+00:00
2026-06-19,Jazz_Chisholm,Jazz Chisholm,2942618,,NYY,CIN,,1.5,0.5,0.5,,,,,missing,real,real,real,missing,missing,missing,missing,,7.0,6.0,8.0,,,,,,126.42857142857143,-113.8,312.625,,,,,,-169.6,-117.5,,,,,,,0.0,0.0,0.0,,,,,2026-06-19T19:09:41.559829+00:00
2026-06-19,Jeff_McNeil,Jeff McNeil,2940049,,ATH,LAA,,1.0,0.5,0.5,,,,,missing,real,real,real,missing,missing,missing,missing,,8.0,7.0,8.0,,,,,,-2.75,128.42857142857142,904.375,,,,,,60.0,-171.66666666666666,,,,,,,0.5345224838248488,0.0,0.0,,,,,2026-06-19T19:09:41.559829+00:00
2026-06-19,Jeffrey_Springs,Jeffrey Springs,2940049,,ATH,LAA,,,,,,4.5,2.5,,missing,missing,missing,missing,missing,real,real,missing,,,,,,9.0,5.0,,,,,,,-99.66666666666667,-132.8,,,,,,,24.333333333333332,-22.4,,,,,,,0.3333333333333333,0.0,,2026-06-19T19:09:41.559829+00:00
2026-06-19,Jeremy_Pena,Jeremy Pena,2941658,,HOU,CLE,,1.5,0.5,0.5,,,,,missing,real,real,real,missing,missing,missing,missing,,8.0,7.0,8.0,,,,,,126.25,-16.857142857142858,625.0,,,,,,-167.66666666666666,-130.0,,,,,,,0.0,0.0,0.0,,,,,2026-06-19T19:09:41.559829+00:00
2026-06-19,Jesus_Sanchez,Jesus Sanchez,2942550,,CHC,TOR,,0.5,0.5,0.5,,,,,missing,real,real,real,missing,missing,missing,missing,,8.0,7.0,5.0,,,,,,67.0,228.33333333333334,700.0,,,,,,-216.66666666666666,-362.5,,,,,,,0.5175491695067657,0.0,0.0,,,,,2026-06-19T19:09:41.559829+00:00
2026-06-19,Jimmy_Crooks,Jimmy Crooks,2941919,,KC,STL,,1.5,0.5,0.5,,,,,missing,real,real,real,missing,missing,missing,missing,,8.0,7.0,8.0,,,,,,24.375,157.28571428571428,706.875,,,,,,-1.2,-223.33333333333334,,,,,,,0.5175491695067657,0.0,0.0,,,,,2026-06-19T19:09:41.559829+00:00
2026-06-19,Jo_Adell,Jo Adell,2940049,,ATH,LAA,,1.5,0.5,0.5,,,,,missing,real,real,real,missing,missing,missing,missing,,8.0,7.0,9.0,,,,,,-59.625,-51.57142857142857,273.8888888888889,,,,,,-127.33333333333333,-131.66666666666666,,,,,,,0.0,0.0,0.0,,,,,2026-06-19T19:09:41.559829+00:00
2026-06-19,Joc_Pederson,Joc Pederson,2940570,,TEX,SD,,1.0,0.5,0.5,,,,,missing,real,real,real,missing,missing,missing,missing,,8.0,7.0,9.0,,,,,,-13.0,45.0,386.44444444444446,,,,,,62.8,-145.0,,,,,,,0.5345224838248488,0.0,0.0,,,,,2026-06-19T19:09:41.559829+00:00
2026-06-19,Joe_Mack,Joe Mack,2941544,,MIA,SF,,0.5,0.5,0.5,,,,,missing,real,real,real,missing,missing,missing,missing,,7.0,5.0,7.0,,,,,,23.142857142857142,176.0,1100.0,,,,,,-108.8,-255.0,,,,,,,0.5345224838248488,0.0,0.0,,,,,2026-06-19T19:09:41.559829+00:00
2026-06-19,Joey_Loperfido,Joey Loperfido,2941658,,HOU,CLE,,1.0,0.5,0.5,,,,,missing,real,real,real,missing,missing,missing,missing,,8.0,7.0,8.0,,,,,,53.875,176.14285714285714,818.75,,,,,,-153.4,-226.66666666666666,,,,,,,0.5345224838248488,0.0,0.0,,,,,2026-06-19T19:09:41.559829+00:00
2026-06-19,Joey_Ortiz,Joey Ortiz,2940322,,ATL,MIL,,0.5,0.5,0.5,,,,,missing,real,real,real,missing,missing,missing,missing,,7.0,6.0,7.0,,,,,,17.428571428571427,174.0,1061.4285714285713,,,,,,18.4,-236.66666666666666,,,,,,,0.5345224838248488,0.0,0.0,,,,,2026-06-19T19:09:41.559829+00:00
2026-06-19,John_Rave,John Rave,2941919,,KC,STL,,1.5,0.5,0.5,,,,,missing,real,real,real,missing,missing,missing,missing,,2.0,2.0,3.0,,,,,,188.5,157.5,923.3333333333334,,,,,,,,,,,,,,0.0,0.0,0.0,,,,,2026-06-19T19:09:41.559829+00:00
2026-06-19,John_Schreiber,John Schreiber,2941919,,KC,STL,,,,,,,0.5,,missing,missing,missing,missing,missing,missing,real,missing,,,,,,,3.0,,,,,,,,245.0,,,,,,,,-375.0,,,,,,,,0.0,,2026-06-19T19:09:41.559829+00:00
2026-06-19,Jonathan_Aranda,Jonathan Aranda,2940947,,TB,WSH,,1.5,0.5,0.5,,,,,missing,real,real,real,missing,missing,missing,missing,,8.0,7.0,8.0,,,,,,131.28571428571428,60.8,520.625,,,,,,-182.0,-140.0,,,,,,,0.0,0.0,0.0,,,,,2026-06-19T19:09:41.559829+00:00
2026-06-19,Jordan_Lawlar,Jordan Lawlar,2940103,,ARI,MIN,,1.0,0.5,0.5,,,,,missing,real,real,real,missing,missing,missing,missing,,8.0,7.0,8.0,,,,,,12.375,134.71428571428572,858.75,,,,,,40.0,-180.0,,,,,,,0.5345224838248488,0.0,0.0,,,,,2026-06-19T19:09:41.559829+00:00
2026-06-19,Jordan_Walker,Jordan Walker,2941919,,KC,STL,,1.5,0.5,0.5,,,,,missing,real,real,real,missing,missing,missing,missing,,8.0,7.0,9.0,,,,,,-88.375,-20.571428571428573,339.8888888888889,,,,,,-121.5,-133.33333333333334,,,,,,,0.0,0.0,0.0,,,,,2026-06-19T19:09:41.559829+00:00
2026-06-19,Jose_Altuve,Jose Altuve,2941658,,HOU,CLE,,1.0,0.5,0.5,,,,,missing,real,real,real,missing,missing,missing,missing,,8.0,7.0,9.0,,,,,,-8.625,145.28571428571428,577.2222222222222,,,,,,59.8,-191.66666666666666,,,,,,,0.5345224838248488,0.0,0.0,,,,,2026-06-19T19:09:41.559829+00:00
2026-06-19,Jose_Caballero,Jose Caballero,2942618,,NYY,CIN,,1.5,0.5,0.5,,,,,missing,real,real,real,missing,missing,missing,missing,,7.0,7.0,8.0,,,,,,29.857142857142858,127.14285714285714,778.75,,,,,,37.5,-168.33333333333334,,,,,,,0.5345224838248488,0.0,0.0,,,,,2026-06-19T19:09:41.559829+00:00
2026-06-19,Jose_Siri,Jose Siri,2940049,,ATH,LAA,,1.0,0.5,0.5,,,,,missing,real,real,real,missing,missing,missing,missing,,8.0,7.0,9.0,,,,,,20.125,136.85714285714286,406.77777777777777,,,,,,-96.2,-186.66666666666666,,,,,,,0.5345224838248488,0.0,0.0,,,,,2026-06-19T19:09:41.559829+00:00
2026-06-19,Jose_Soriano,Jose Soriano,2940049,,ATH,LAA,,,,,,5.5,3.5,,missing,missing,missing,missing,missing,real,real,missing,,,,,,9.0,5.0,,,,,,,55.666666666666664,118.4,,,,,,,-93.22222222222223,-161.6,,,,,,,0.4409585518440984,0.0,,2026-06-19T19:09:41.559829+00:00
2026-06-19,Josh_Bell,Josh Bell,2940103,,ARI,MIN,,1.5,0.5,0.5,,,,,missing,real,real,real,missing,missing,missing,missing,,8.0,7.0,9.0,,,,,,5.142857142857143,147.42857142857142,545.7777777777778,,,,,,51.25,-196.66666666666666,,,,,,,0.5175491695067657,0.0,0.0,,,,,2026-06-19T19:09:41.559829+00:00
2026-06-19,Josh_Jung,Josh Jung,2940570,,TEX,SD,,1.5,0.5,0.5,,,,,missing,real,real,real,missing,missing,missing,missing,,8.0,7.0,9.0,,,,,,119.75,114.28571428571429,593.8888888888889,,,,,,-159.83333333333334,-156.66666666666666,,,,,,,0.0,0.0,0.0,,,,,2026-06-19T19:09:41.559829+00:00
2026-06-19,Josh_Naylor,Josh Naylor,2941801,,SEA,BOS,,1.0,0.5,0.5,,,,,missing,real,real,real,missing,missing,missing,missing,,8.0,7.0,9.0,,,,,,26.428571428571427,179.57142857142858,768.8888888888889,,,,,,33.75,-241.25,,,,,,,0.5345224838248488,0.0,0.0,,,,,2026-06-19T19:09:41.559829+00:00
2026-06-19,Josh_Smith,Josh Smith,2940570,,TEX,SD,,1.0,0.5,0.5,,,,,missing,real,real,real,missing,missing,missing,missing,,8.0,7.0,8.0,,,,,,30.25,165.57142857142858,827.5,,,,,,29.6,-218.33333333333334,,,,,,,0.5345224838248488,0.0,0.0,,,,,2026-06-19T19:09:41.559829+00:00
2026-06-19,Julio_Rodriguez,Julio Rodriguez,2941801,,SEA,BOS,,1.5,0.5,0.5,,,,,missing,real,real,real,missing,missing,missing,missing,,8.0,6.0,9.0,,,,,,114.875,126.0,462.8888888888889,,,,,,-155.66666666666666,-162.5,,,,,,,0.0,0.0,0.0,,,,,2026-06-19T19:09:41.559829+00:00
2026-06-19,Jung_Hoo_Lee,Jung Hoo Lee,2941544,,MIA,SF,,1.5,0.5,0.5,,,,,missing,real,real,real,missing,missing,missing,missing,,8.0,7.0,8.0,,,,,,122.875,138.57142857142858,1103.75,,,,,,-165.0,-185.0,,,,,,,0.0,0.0,0.0,,,,,2026-06-19T19:09:41.559829+00:00
2026-06-19,Junior_Caminero,Junior Caminero,2940947,,TB,WSH,,1.5,0.5,0.5,,,,,missing,real,real,real,missing,missing,missing,missing,,8.0,7.0,8.0,,,,,,85.0,63.4,352.125,,,,,,-157.4,-145.0,,,,,,,0.0,0.0,0.0,,,,,2026-06-19T19:09:41.559829+00:00
2026-06-19,Junior_Perez,Junior Perez,2940719,,DET,CWS,,0.5,0.5,0.5,,,,,missing,real,real,real,missing,missing,missing,missing,,7.0,6.0,7.0,,,,,,29.857142857142858,195.66666666666666,683.5714285714286,,,,,,-163.0,-274.4,,,,,,,0.5345224838248488,0.0,0.0,,,,,2026-06-19T19:09:41.559829+00:00
2026-06-19,Kahlil_Watson,Kahlil Watson,2941658,,HOU,CLE,,1.5,0.5,0.5,,,,,missing,real,real,real,missing,missing,missing,missing,,5.0,3.0,6.0,,,,,,72.4,162.0,771.6666666666666,,,,,,-101.66666666666667,-220.0,,,,,,,0.5477225575051662,0.0,0.0,,,,,2026-06-19T19:09:41.559829+00:00
2026-06-19,Kameron_Misner,Kameron Misner,2941919,,KC,STL,,0.5,0.5,0.5,,,,,missing,real,real,real,missing,missing,missing,missing,,4.0,2.0,2.0,,,,,,-73.75,160.0,712.5,,,,,,27.5,-210.0,,,,,,,0.5,0.0,0.0,,,,,2026-06-19T19:09:41.559829+00:00
2026-06-19,Kazuma_Okamoto,Kazuma Okamoto,2942550,,CHC,TOR,,0.5,0.5,0.5,,,,,missing,real,real,real,missing,missing,missing,missing,,8.0,7.0,5.0,,,,,,-17.4,163.33333333333334,448.0,,,,,,-21.666666666666668,-250.0,,,,,,,0.5175491695067657,0.7559289460184545,0.0,,,,,2026-06-19T19:09:41.559829+00:00
2026-06-19,Keibert_Ruiz,Keibert Ruiz,2940947,,TB,WSH,,0.5,0.5,0.5,,,,,missing,real,real,real,missing,missing,missing,missing,,7.0,6.0,6.0,,,,,,45.2,179.75,771.6666666666666,,,,,,-6.666666666666667,-250.0,,,,,,,0.5345224838248488,0.0,0.0,,,,,2026-06-19T19:09:41.559829+00:00
2026-06-19,Kerry_Carpenter,Kerry Carpenter,2940719,,DET,CWS,,1.5,0.5,0.5,,,,,missing,real,real,real,missing,missing,missing,missing,,8.0,7.0,9.0,,,,,,93.125,113.85714285714286,429.6666666666667,,,,,,-125.0,-146.66666666666666,,,,,,,0.3535533905932738,0.0,0.0,,,,,2026-06-19T19:09:41.559829+00:00
2026-06-19,Ketel_Marte,Ketel Marte,2940103,,ARI,MIN,,1.5,0.5,0.5,,,,,missing,real,real,real,missing,missing,missing,missing,,8.0,7.0,9.0,,,,,,-119.875,-136.57142857142858,377.44444444444446,,,,,,-113.66666666666667,31.666666666666668,,,,,,,0.0,0.0,0.0,,,,,2026-06-19T19:09:41.559829+00:00
2026-06-19,Kevin_Gausman,Kevin Gausman,2942550,,CHC,TOR,,,,,,5.5,2.5,,missing,missing,missing,missing,missing,real,real,missing,,,,,,9.0,5.0,,,,,,,,,,,,,,,,,,,,,,,0.0,0.0,,2026-06-19T19:09:41.559829+00:00
2026-06-19,Kevin_McGonigle,Kevin McGonigle,2940719,,DET,CWS,,1.5,0.5,0.5,,,,,missing,real,real,real,missing,missing,missing,missing,,8.0,7.0,9.0,,,,,,117.0,-39.57142857142857,587.2222222222222,,,,,,-160.0,-338.3333333333333,,,,,,,0.0,0.37796447300922725,0.0,,,,,2026-06-19T19:09:41.559829+00:00
2026-06-19,Kody_Clemens,Kody Clemens,2940103,,ARI,MIN,,1.5,0.5,0.5,,,,,missing,real,real,real,missing,missing,missing,missing,,8.0,7.0,9.0,,,,,,124.125,131.85714285714286,427.77777777777777,,,,,,-163.33333333333334,-175.0,,,,,,,0.0,0.0,0.0,,,,,2026-06-19T19:09:41.559829+00:00
2026-06-19,Kyle_Freeland,Kyle Freeland,2941635,,COL,PIT,,,,,,3.5,3.5,,missing,missing,missing,missing,missing,real,real,missing,,,,,,9.0,5.0,,,,,,,-91.0,-23.0,,,,,,,54.44444444444444,-132.4,,,,,,,0.44095855184409843,0.0,,2026-06-19T19:09:41.559829+00:00
2026-06-19,Kyle_Karros,Kyle Karros,2941635,,COL,PIT,,1.5,0.5,0.5,,,,,missing,real,real,real,missing,missing,missing,missing,,7.0,6.0,7.0,,,,,,67.5,121.0,856.4285714285714,,,,,,-61.25,-162.2,,,,,,,0.5345224838248488,0.0,0.0,,,,,2026-06-19T19:09:41.559829+00:00
2026-06-19,Kyle_Manzardo,Kyle Manzardo,2941658,,HOU,CLE,,1.0,0.5,0.5,,,,,missing,real,real,real,missing,missing,missing,missing,,8.0,7.0,9.0,,,,,,-4.875,80.71428571428571,439.0,,,,,,53.6,-150.0,,,,,,,0.5345224838248488,0.0,0.0,,,,,2026-06-19T19:09:41.559829+00:00
2026-06-19,Kyle_Stowers,Kyle Stowers,2941544,,MIA,SF,,1.0,0.5,0.5,,,,,missing,real,real,real,missing,missing,missing,missing,,8.0,7.0,9.0,,,,,,-13.625,126.28571428571429,555.5555555555555,,,,,,64.2,-168.33333333333334,,,,,,,0.5345224838248488,0.0,0.0,,,,,2026-06-19T19:09:41.559829+00:00
2026-06-19,Kyle_Tucker,Kyle Tucker,2941908,,LAD,BAL,,1.5,0.5,0.5,,,,,missing,real,real,real,missing,missing,missing,missing,,8.0,7.0,9.0,,,,,,51.0,79.85714285714286,520.6666666666666,,,,,,-30.0,-150.0,,,,,,,0.46291004988627577,0.0,0.0,,,,,2026-06-19T19:09:41.559829+00:00
2026-06-19,Lake_Bachar,Lake Bachar,2941544,,MIA,SF,,,,,,,0.5,,missing,missing,missing,missing,missing,missing,real,missing,,,,,,,4.0,,,,,,,,-139.25,,,,,,,,102.25,,,,,,,,0.0,,2026-06-19T19:09:41.559829+00:00
2026-06-19,Landen_Roupp,Landen Roupp,2941544,,MIA,SF,,,,,,5.5,2.5,,missing,missing,missing,missing,missing,real,real,missing,,,,,,9.0,5.0,,,,,,,113.0,107.8,,,,,,,-145.66666666666666,-148.0,,,,,,,0.0,0.0,,2026-06-19T19:09:41.559829+00:00
2026-06-19,Lane_Thomas,Lane Thomas,2941919,,KC,STL,,1.0,0.5,0.5,,,,,missing,real,real,real,missing,missing,missing,missing,,6.0,5.0,8.0,,,,,,-17.833333333333332,128.6,716.875,,,,,,47.5,-170.0,,,,,,,0.5477225575051662,0.0,0.0,,,,,2026-06-19T19:09:41.559829+00:00
2026-06-19,Lars_Nootbaar,Lars Nootbaar,2941919,,KC,STL,,1.5,0.5,0.5,,,,,missing,real,real,real,missing,missing,missing,missing,,8.0,7.0,9.0,,,,,,124.875,81.0,478.0,,,,,,-169.66666666666666,-153.33333333333334,,,,,,,0.0,0.0,0.0,,,,,2026-06-19T19:09:41.559829+00:00
2026-06-19,Lawrence_Butler,Lawrence Butler,2940049,,ATH,LAA,,1.0,0.5,0.5,,,,,missing,real,real,real,missing,missing,missing,missing,,8.0,7.0,9.0,,,,,,20.428571428571427,115.28571428571429,605.5555555555555,,,,,,37.5,-151.66666666666666,,,,,,,0.5345224838248488,0.0,0.0,,,,,2026-06-19T19:09:41.559829+00:00
2026-06-19,Leody_Taveras,Leody Taveras,2941908,,LAD,BAL,,1.0,0.5,0.5,,,,,missing,real,real,real,missing,missing,missing,missing,,8.0,7.0,8.0,,,,,,22.75,175.28571428571428,807.5,,,,,,34.8,-231.66666666666666,,,,,,,0.5345224838248488,0.0,0.0,,,,,2026-06-19T19:09:41.559829+00:00
2026-06-19,Liam_Hicks,Liam Hicks,2941544,,MIA,SF,,1.5,0.5,0.5,,,,,missing,real,real,real,missing,missing,missing,missing,,8.0,7.0,9.0,,,,,,138.0,76.57142857142857,832.2222222222222,,,,,,-184.5,-143.33333333333334,,,,,,,0.0,0.0,0.0,,,,,2026-06-19T19:09:41.559829+00:00
2026-06-19,Logan_OHoppe,Logan O'Hoppe,2940049,,ATH,LAA,,1.5,0.5,0.5,,,,,missing,real,real,real,missing,missing,missing,missing,,7.0,7.0,9.0,,,,,,10.857142857142858,125.28571428571429,416.6666666666667,,,,,,43.75,-170.0,,,,,,,0.5345224838248488,0.0,0.0,,,,,2026-06-19T19:09:41.559829+00:00
2026-06-19,Lourdes_Gurriel,Lourdes Gurriel,2940103,,ARI,MIN,,1.5,0.5,0.5,,,,,missing,real,real,real,missing,missing,missing,missing,,8.0,7.0,9.0,,,,,,123.75,122.14285714285714,715.5555555555555,,,,,,-166.0,-158.33333333333334,,,,,,,0.0,0.0,0.0,,,,,2026-06-19T19:09:41.559829+00:00
2026-06-19,LuJames_Groover,LuJames Groover,2940103,,ARI,MIN,,1.0,0.5,,,,,,missing,real,real,missing,missing,missing,missing,missing,,8.0,7.0,,,,,,,149.0,146.71428571428572,,,,,,,,,,,,,,,0.5345224838248488,0.0,,,,,,2026-06-19T19:09:41.559829+00:00
2026-06-19,Lucas_Erceg,Lucas Erceg,2941919,,KC,STL,,,,,,,0.5,,missing,missing,missing,missing,missing,missing,real,missing,,,,,,,3.0,,,,,,,,250.0,,,,,,,,-375.0,,,,,,,,0.0,,2026-06-19T19:09:41.559829+00:00
2026-06-19,Luis_Arraez,Luis Arraez,2941544,,MIA,SF,,1.5,0.5,0.5,,,,,missing,real,real,real,missing,missing,missing,missing,,8.0,7.0,8.0,,,,,,108.375,121.71428571428571,1312.5,,,,,,-144.5,-160.0,,,,,,,0.0,0.0,0.0,,,,,2026-06-19T19:09:41.559829+00:00
2026-06-19,Luis_Garcia,Luis Garcia,2940947,,TB,WSH,,1.5,0.5,0.5,,,,,missing,real,real,real,missing,missing,missing,missing,,8.0,7.0,8.0,,,,,,134.71428571428572,136.4,639.375,,,,,,-179.0,-182.5,,,,,,,0.0,0.0,0.0,,,,,2026-06-19T19:09:41.559829+00:00
2026-06-19,Luisangel_Acuna,Luisangel Acuna,2940719,,DET,CWS,,1.0,0.5,0.5,,,,,missing,real,real,real,missing,missing,missing,missing,,8.0,7.0,8.0,,,,,,45.625,219.28571428571428,1215.0,,,,,,-31.0,-321.6,,,,,,,0.5345224838248488,0.0,0.0,,,,,2026-06-19T19:09:41.559829+00:00
2026-06-19,Luke_Keaschall,Luke Keaschall,2940103,,ARI,MIN,,1.0,0.5,0.5,,,,,missing,real,real,real,missing,missing,missing,missing,,8.0,7.0,8.0,,,,,,16.25,167.71428571428572,1115.0,,,,,,43.6,-221.66666666666666,,,,,,,0.5345224838248488,0.0,0.0,,,,,2026-06-19T19:09:41.559829+00:00
2026-06-19,Maikel_Garcia,Maikel Garcia,2941919,,KC,STL,,1.5,0.5,0.5,,,,,missing,real,real,real,missing,missing,missing,missing,,6.0,3.0,6.0,,,,,,132.5,128.0,861.6666666666666,,,,,,-176.4,-165.0,,,,,,,0.0,0.0,0.0,,,,,2026-06-19T19:09:41.559829+00:00
2026-06-19,Manny_Machado,Manny Machado,2940570,,TEX,SD,,1.0,0.5,0.5,,,,,missing,real,real,real,missing,missing,missing,missing,,8.0,7.0,9.0,,,,,,2.375,158.28571428571428,471.55555555555554,,,,,,51.2,-213.33333333333334,,,,,,,0.5345224838248488,0.0,0.0,,,,,2026-06-19T19:09:41.559829+00:00
2026-06-19,Marcell_Ozuna,Marcell Ozuna,2941635,,COL,PIT,,1.5,0.5,0.5,,,,,missing,real,real,real,missing,missing,missing,missing,,8.0,7.0,9.0,,,,,,-116.5,-134.14285714285714,342.77777777777777,,,,,,-116.83333333333333,-36.666666666666664,,,,,,,0.0,0.0,0.0,,,,,2026-06-19T19:09:41.559829+00:00
2026-06-19,Marcelo_Mayer,Marcelo Mayer,2941801,,SEA,BOS,,0.5,0.5,0.5,,,,,missing,real,real,real,missing,missing,missing,missing,,7.0,6.0,7.0,,,,,,37.57142857142857,215.0,710.7142857142857,,,,,,-163.6,-298.3333333333333,,,,,,,0.5345224838248488,0.0,0.0,,,,,2026-06-19T19:09:41.559829+00:00
2026-06-19,Martin_Perez,Martin Perez,2940322,,ATL,MIL,,,,,,3.5,2.5,,missing,missing,missing,missing,missing,real,real,missing,,,,,,9.0,5.0,,,,,,,-132.55555555555554,126.2,,,,,,,35.55555555555556,-174.8,,,,,,,0.0,0.0,,2026-06-19T19:09:41.559829+00:00
2026-06-19,Masataka_Yoshida,Masataka Yoshida,2941801,,SEA,BOS,,0.5,0.5,0.5,,,,,missing,real,real,real,missing,missing,missing,missing,,4.0,2.0,2.0,,,,,,-95.0,197.5,712.5,,,,,,42.5,-267.5,,,,,,,0.5,0.0,0.0,,,,,2026-06-19T19:09:41.559829+00:00
2026-06-19,Mason_Black,Mason Black,2941919,,KC,STL,,,,,,,0.5,,missing,missing,missing,missing,missing,missing,real,missing,,,,,,,1.0,,,,,,,,,,,,,,,,,,,,,,,,0.0,,2026-06-19T19:09:41.559829+00:00
2026-06-19,Masyn_Winn,Masyn Winn,2941919,,KC,STL,,1.5,0.5,0.5,,,,,missing,real,real,real,missing,missing,missing,missing,,8.0,7.0,8.0,,,,,,135.0,141.0,938.75,,,,,,-182.33333333333334,-186.66666666666666,,,,,,,0.0,0.0,0.0,,,,,2026-06-19T19:09:41.559829+00:00
2026-06-19,Matt_Chapman,Matt Chapman,2941544,,MIA,SF,,1.0,0.5,0.5,,,,,missing,real,real,real,missing,missing,missing,missing,,8.0,7.0,9.0,,,,,,-7.5,117.28571428571429,562.0,,,,,,57.8,-150.0,,,,,,,0.5345224838248488,0.0,0.0,,,,,2026-06-19T19:09:41.559829+00:00
2026-06-19,Matt_McLain,Matt McLain,2942618,,NYY,CIN,,0.5,0.5,0.5,,,,,missing,real,real,real,missing,missing,missing,missing,,7.0,6.0,7.0,,,,,,19.857142857142858,192.33333333333334,632.1428571428571,,,,,,-151.6,-269.6,,,,,,,0.5345224838248488,0.0,0.0,,,,,2026-06-19T19:09:41.559829+00:00
2026-06-19,Matt_Olson,Matt Olson,2940322,,ATL,MIL,,1.0,0.5,0.5,,,,,missing,real,real,real,missing,missing,missing,missing,,8.0,7.0,9.0,,,,,,21.25,154.14285714285714,412.0,,,,,,30.0,-196.66666666666666,,,,,,,0.5345224838248488,0.0,0.0,,,,,2026-06-19T19:09:41.559829+00:00
2026-06-19,Matt_Shaw,Matt Shaw,2942550,,CHC,TOR,,1.0,0.5,0.5,,,,,missing,real,real,real,missing,missing,missing,missing,,8.0,7.0,4.0,,,,,,28.75,215.0,775.0,,,,,,-30.0,-322.5,,,,,,,0.5345224838248488,0.5345224838248488,0.0,,,,,2026-06-19T19:09:41.559829+00:00
2026-06-19,Matt_Strahm,Matt Strahm,2941919,,KC,STL,,,,,,,0.5,,missing,missing,missing,missing,missing,missing,real,missing,,,,,,,3.0,,,,,,,,260.0,,,,,,,,-425.0,,,,,,,,0.0,,2026-06-19T19:09:41.559829+00:00
2026-06-19,Mauricio_Dubon,Mauricio Dubon,2940322,,ATL,MIL,,1.0,0.5,0.5,,,,,missing,real,real,real,missing,missing,missing,missing,,8.0,7.0,8.0,,,,,,26.25,219.71428571428572,1060.0,,,,,,32.6,-315.0,,,,,,,0.5345224838248488,0.0,0.0,,,,,2026-06-19T19:09:41.559829+00:00
2026-06-19,Max_Muncy,Max Muncy,2941908,,LAD,BAL,,1.5,0.5,0.5,,,,,missing,real,real,real,missing,missing,missing,missing,,5.0,5.0,6.0,,,,,,62.0,-118.0,300.3333333333333,,,,,,-92.75,-125.0,,,,,,,0.4472135954999579,0.0,0.0,,,,,2026-06-19T19:09:41.559829+00:00
2026-06-19,Michael_Busch,Michael Busch,2942550,,CHC,TOR,,0.5,0.5,0.5,,,,,missing,real,real,real,missing,missing,missing,missing,,8.0,7.0,4.0,,,,,,107.5,195.0,643.75,,,,,,-227.5,-287.5,,,,,,,0.5175491695067657,0.7559289460184545,0.0,,,,,2026-06-19T19:09:41.559829+00:00
2026-06-19,Michael_Harris,Michael Harris,2940322,,ATL,MIL,,1.0,0.5,0.5,,,,,missing,real,real,real,missing,missing,missing,missing,,8.0,7.0,9.0,,,,,,-7.375,152.71428571428572,439.77777777777777,,,,,,59.0,-203.33333333333334,,,,,,,0.5345224838248488,0.0,0.0,,,,,2026-06-19T19:09:41.559829+00:00
2026-06-19,Michael_Massey,Michael Massey,2941919,,KC,STL,,1.5,0.5,0.5,,,,,missing,real,real,real,missing,missing,missing,missing,,8.0,7.0,9.0,,,,,,117.625,130.71428571428572,551.3333333333334,,,,,,-155.66666666666666,-180.0,,,,,,,0.0,0.0,0.0,,,,,2026-06-19T19:09:41.559829+00:00
2026-06-19,Michael_McGreevy,Michael McGreevy,2941919,,KC,STL,,,,,,3.5,2.5,,missing,missing,missing,missing,missing,real,real,missing,,,,,,9.0,5.0,,,,,,,60.0,-127.0,,,,,,,-135.33333333333334,-108.0,,,,,,,0.0,0.0,,2026-06-19T19:09:41.559829+00:00
2026-06-19,Michael_Soroka,Michael Soroka,2940103,,ARI,MIN,,,,,,5.5,2.5,,missing,missing,missing,missing,missing,real,real,missing,,,,,,9.0,5.0,,,,,,,108.66666666666667,126.4,,,,,,,-139.66666666666666,-173.0,,,,,,,0.0,0.0,,2026-06-19T19:09:41.559829+00:00
2026-06-19,Mickey_Gasper,Mickey Gasper,2941801,,SEA,BOS,,1.0,0.5,0.5,,,,,missing,real,real,real,missing,missing,missing,missing,,8.0,7.0,8.0,,,,,,7.375,147.85714285714286,695.0,,,,,,48.6,-193.33333333333334,,,,,,,0.5345224838248488,0.0,0.0,,,,,2026-06-19T19:09:41.559829+00:00
2026-06-19,Miguel_Vargas,Miguel Vargas,2940719,,DET,CWS,,1.5,0.5,0.5,,,,,missing,real,real,real,missing,missing,missing,missing,,8.0,7.0,8.0,,,,,,84.57142857142857,77.16666666666667,389.375,,,,,,-154.16666666666666,-153.0,,,,,,,0.0,0.0,0.0,,,,,2026-06-19T19:09:41.559829+00:00
2026-06-19,Mike_Yastrzemski,Mike Yastrzemski,2940322,,ATL,MIL,,0.5,0.5,0.5,,,,,missing,real,real,real,missing,missing,missing,missing,,7.0,6.0,7.0,,,,,,217.5,226.66666666666666,857.8571428571429,,,,,,-222.5,-315.0,,,,,,,0.5345224838248488,0.0,0.0,,,,,2026-06-19T19:09:41.559829+00:00
2026-06-19,Mitch_Garver,Mitch Garver,2941801,,SEA,BOS,,0.5,0.5,0.5,,,,,missing,real,real,real,missing,missing,missing,missing,,6.0,4.0,7.0,,,,,,-16.166666666666668,167.5,537.8571428571429,,,,,,-104.2,-227.5,,,,,,,0.5163977794943222,0.0,0.0,,,,,2026-06-19T19:09:41.559829+00:00
2026-06-19,Mookie_Betts,Mookie Betts,2941908,,LAD,BAL,,1.5,0.5,0.5,,,,,missing,real,real,real,missing,missing,missing,missing,,8.0,7.0,9.0,,,,,,118.625,-52.285714285714285,483.3333333333333,,,,,,-158.83333333333334,-125.0,,,,,,,0.0,0.0,0.0,,,,,2026-06-19T19:09:41.559829+00:00
2026-06-19,Nasim_Nunez,Nasim Nunez,2940947,,TB,WSH,,0.5,0.5,0.5,,,,,missing,real,real,real,missing,missing,missing,missing,,7.0,6.0,6.0,,,,,,122.2,184.0,1396.6666666666667,,,,,,-228.33333333333334,-250.0,,,,,,,0.5345224838248488,0.0,0.0,,,,,2026-06-19T19:09:41.559829+00:00
2026-06-19,Nathan_Church,Nathan Church,2941919,,KC,STL,,0.5,0.5,0.5,,,,,missing,real,real,real,missing,missing,missing,missing,,7.0,6.0,7.0,,,,,,-22.285714285714285,150.0,852.8571428571429,,,,,,51.2,-203.33333333333334,,,,,,,0.5345224838248488,0.0,0.0,,,,,2026-06-19T19:09:41.559829+00:00
2026-06-19,Nathan_Lukes,Nathan Lukes,2942550,,CHC,TOR,,0.5,0.5,0.5,,,,,missing,real,real,real,missing,missing,missing,missing,,8.0,7.0,5.0,,,,,,-5.0,225.0,1080.0,,,,,,-33.333333333333336,-362.5,,,,,,,0.5175491695067657,0.0,0.0,,,,,2026-06-19T19:09:41.559829+00:00
2026-06-19,Nathaniel_Lowe,Nathaniel Lowe,2942618,,NYY,CIN,,1.0,0.5,0.5,,,,,missing,real,real,real,missing,missing,missing,missing,,8.0,7.0,9.0,,,,,,12.25,163.0,497.77777777777777,,,,,,41.4,-221.6,,,,,,,0.5345224838248488,0.0,0.0,,,,,2026-06-19T19:09:41.559829+00:00
2026-06-19,Nick_Gonzales,Nick Gonzales,2941635,,COL,PIT,,1.5,0.5,0.5,,,,,missing,real,real,real,missing,missing,missing,missing,,8.0,7.0,8.0,,,,,,-77.625,-156.0,512.0,,,,,,115.0,113.33333333333333,,,,,,,0.4629100498862757,0.0,0.0,,,,,2026-06-19T19:09:41.559829+00:00
2026-06-19,Nick_Kurtz,Nick Kurtz,2940049,,ATH,LAA,,1.5,0.5,0.5,,,,,missing,real,real,real,missing,missing,missing,missing,,8.0,7.0,9.0,,,,,,-56.75,-176.85714285714286,280.0,,,,,,-126.16666666666667,123.33333333333333,,,,,,,0.0,0.0,0.0,,,,,2026-06-19T19:09:41.559829+00:00
2026-06-19,Nick_Loftin,Nick Loftin,2941919,,KC,STL,,1.5,0.5,0.5,,,,,missing,real,real,real,missing,missing,missing,missing,,3.0,3.0,4.0,,,,,,76.66666666666667,171.33333333333334,1010.0,,,,,,105.0,-275.0,,,,,,,0.5773502691896258,0.0,0.0,,,,,2026-06-19T19:09:41.559829+00:00
2026-06-19,Nick_Madrigal,Nick Madrigal,2940049,,ATH,LAA,,1.5,0.5,0.5,,,,,missing,real,real,real,missing,missing,missing,missing,,8.0,7.0,8.0,,,,,,128.375,137.28571428571428,1235.0,,,,,,-166.83333333333334,-176.66666666666666,,,,,,,0.0,0.0,0.0,,,,,2026-06-19T19:09:41.559829+00:00
2026-06-19,Nico_Hoerner,Nico Hoerner,2942550,,CHC,TOR,,1.0,0.5,0.5,,,,,missing,real,real,real,missing,missing,missing,missing,,8.0,7.0,4.0,,,,,,26.25,210.0,1262.5,,,,,,-45.0,-325.0,,,,,,,0.5345224838248488,0.0,0.0,,,,,2026-06-19T19:09:41.559829+00:00
2026-06-19,Noelvi_Marte,Noelvi Marte,2942618,,NYY,CIN,,1.5,0.5,0.5,,,,,missing,real,real,real,missing,missing,missing,missing,,6.0,4.0,3.0,,,,,,103.33333333333333,210.0,786.6666666666666,,,,,,-125.0,,,,,,,,0.5163977794943223,0.0,0.0,,,,,2026-06-19T19:09:41.559829+00:00
2026-06-19,Nolan_Arenado,Nolan Arenado,2940103,,ARI,MIN,,1.5,0.5,0.5,,,,,missing,real,real,real,missing,missing,missing,missing,,8.0,7.0,9.0,,,,,,57.5,132.85714285714286,654.4444444444445,,,,,,-77.5,-180.0,,,,,,,0.46291004988627577,0.0,0.0,,,,,2026-06-19T19:09:41.559829+00:00
2026-06-19,Oswald_Peraza,Oswald Peraza,2940049,,ATH,LAA,,1.5,0.5,0.5,,,,,missing,real,real,real,missing,missing,missing,missing,,8.0,7.0,8.0,,,,,,90.375,122.57142857142857,472.875,,,,,,-123.66666666666667,-170.0,,,,,,,0.3535533905932738,0.0,0.0,,,,,2026-06-19T19:09:41.559829+00:00
2026-06-19,Otto_Lopez,Otto Lopez,2941544,,MIA,SF,,1.5,0.5,0.5,,,,,missing,real,real,real,missing,missing,missing,missing,,8.0,7.0,8.0,,,,,,113.375,115.85714285714286,996.25,,,,,,-151.16666666666666,-156.66666666666666,,,,,,,0.0,0.0,0.0,,,,,2026-06-19T19:09:41.559829+00:00
2026-06-19,Owen_Caissie,Owen Caissie,2941544,,MIA,SF,,1.0,0.5,0.5,,,,,missing,real,real,real,missing,missing,missing,missing,,8.0,7.0,8.0,,,,,,68.71428571428571,162.57142857142858,903.75,,,,,,-112.5,-226.66666666666666,,,,,,,0.5345224838248488,0.0,0.0,,,,,2026-06-19T19:09:41.559829+00:00
2026-06-19,Ozzie_Albies,Ozzie Albies,2940322,,ATL,MIL,,1.0,0.5,0.5,,,,,missing,real,real,real,missing,missing,missing,missing,,8.0,7.0,9.0,,,,,,30.375,188.0,723.3333333333334,,,,,,27.6,-241.66666666666666,,,,,,,0.5345224838248488,0.0,0.0,,,,,2026-06-19T19:09:41.559829+00:00
2026-06-19,Patrick_Bailey,Patrick Bailey,2941658,,HOU,CLE,,0.5,0.5,0.5,,,,,missing,real,real,real,missing,missing,missing,missing,,7.0,6.0,7.0,,,,,,40.285714285714285,177.2,918.5714285714286,,,,,,-165.4,-255.0,,,,,,,0.5345224838248488,0.0,0.0,,,,,2026-06-19T19:09:41.559829+00:00
2026-06-19,Paul_Goldschmidt,Paul Goldschmidt,2942618,,NYY,CIN,,1.5,0.5,0.5,,,,,missing,real,real,real,missing,missing,missing,missing,,8.0,7.0,9.0,,,,,,111.875,-16.0,408.3333333333333,,,,,,-146.66666666666666,-135.0,,,,,,,0.0,0.0,0.0,,,,,2026-06-19T19:09:41.559829+00:00
2026-06-19,Pete_Alonso,Pete Alonso,2941908,,LAD,BAL,,1.5,0.5,0.5,,,,,missing,real,real,real,missing,missing,missing,missing,,8.0,7.0,9.0,,,,,,84.0,113.42857142857143,318.6666666666667,,,,,,-115.5,-156.66666666666666,,,,,,,0.3535533905932738,0.0,0.0,,,,,2026-06-19T19:09:41.559829+00:00
2026-06-19,Pete_Crow-Armstrong,Pete Crow-Armstrong,2942550,,CHC,TOR,,1.5,0.5,0.5,,,,,missing,real,real,real,missing,missing,missing,missing,,8.0,7.0,3.0,,,,,,-61.666666666666664,158.66666666666666,418.3333333333333,,,,,,115.0,-227.0,,,,,,,0.3535533905932738,0.5345224838248488,0.0,,,,,2026-06-19T19:09:41.559829+00:00
2026-06-19,Petey_Halpin,Petey Halpin,2941658,,HOU,CLE,,0.5,0.5,0.5,,,,,missing,real,real,real,missing,missing,missing,missing,,1.0,1.0,1.0,,,,,,-140.0,190.0,725.0,,,,,,105.0,-275.0,,,,,,,0.0,0.0,0.0,,,,,2026-06-19T19:09:41.559829+00:00
2026-06-19,Rafael_Devers,Rafael Devers,2941544,,MIA,SF,,1.0,0.5,0.5,,,,,missing,real,real,real,missing,missing,missing,missing,,8.0,7.0,9.0,,,,,,-12.75,117.14285714285714,454.6666666666667,,,,,,59.0,-161.66666666666666,,,,,,,0.5345224838248488,0.0,0.0,,,,,2026-06-19T19:09:41.559829+00:00
2026-06-19,Randal_Grichuk,Randal Grichuk,2940719,,DET,CWS,,1.0,0.5,0.5,,,,,missing,real,real,real,missing,missing,missing,missing,,8.0,7.0,9.0,,,,,,-6.25,158.71428571428572,467.44444444444446,,,,,,53.0,-224.75,,,,,,,0.5345224838248488,0.0,0.0,,,,,2026-06-19T19:09:41.559829+00:00
2026-06-19,Randy_Vasquez,Randy Vasquez,2940570,,TEX,SD,,,,,,3.5,2.5,,missing,missing,missing,missing,missing,real,real,missing,,,,,,9.0,5.0,,,,,,,-114.22222222222223,16.8,,,,,,,-114.77777777777777,-131.8,,,,,,,0.0,0.0,,2026-06-19T19:09:41.559829+00:00
2026-06-19,Ranger_Suarez,Ranger Suarez,2941801,,SEA,BOS,,,,,,5.5,1.5,,missing,missing,missing,missing,missing,real,real,missing,,,,,,9.0,5.0,,,,,,,-142.22222222222223,-173.0,,,,,,,110.22222222222223,126.6,,,,,,,0.0,0.0,,2026-06-19T19:09:41.559829+00:00
2026-06-19,Rhett_Lowder,Rhett Lowder,2942618,,NYY,CIN,,,,,,4.5,2.5,,missing,missing,missing,missing,missing,real,real,missing,,,,,,9.0,5.0,,,,,,,123.77777777777777,-166.2,,,,,,,-161.55555555555554,121.0,,,,,,,0.0,0.0,,2026-06-19T19:09:41.559829+00:00
2026-06-19,Rhys_Hoskins,Rhys Hoskins,2941658,,HOU,CLE,,1.0,0.5,0.5,,,,,missing,real,real,real,missing,missing,missing,missing,,8.0,7.0,9.0,,,,,,23.875,121.14285714285714,427.3333333333333,,,,,,-98.6,-166.66666666666666,,,,,,,0.5345224838248488,0.0,0.0,,,,,2026-06-19T19:09:41.559829+00:00
2026-06-19,Richie_Palacios,Richie Palacios,2940947,,TB,WSH,,1.0,0.5,0.5,,,,,missing,real,real,real,missing,missing,missing,missing,,8.0,7.0,7.0,,,,,,92.33333333333333,157.4,1015.7142857142857,,,,,,-26.666666666666668,-215.0,,,,,,,0.5345224838248488,0.0,0.0,,,,,2026-06-19T19:09:41.559829+00:00
2026-06-19,Riley_Greene,Riley Greene,2940719,,DET,CWS,,1.5,0.5,0.5,,,,,missing,real,real,real,missing,missing,missing,missing,,8.0,7.0,9.0,,,,,,111.375,51.0,380.44444444444446,,,,,,-146.66666666666666,-483.3333333333333,,,,,,,0.0,0.37796447300922725,0.0,,,,,2026-06-19T19:09:41.559829+00:00
2026-06-19,Rob_Refsnyder,Rob Refsnyder,2941801,,SEA,BOS,,1.0,0.5,0.5,,,,,missing,real,real,real,missing,missing,missing,missing,,8.0,7.0,9.0,,,,,,64.625,192.14285714285714,806.1111111111111,,,,,,-158.4,-268.3333333333333,,,,,,,0.5345224838248488,0.0,0.0,,,,,2026-06-19T19:09:41.559829+00:00
2026-06-19,Rodolfo_Duran,Rodolfo Duran,2940570,,TEX,SD,,0.5,0.5,0.5,,,,,missing,real,real,real,missing,missing,missing,missing,,6.0,5.0,6.0,,,,,,181.83333333333334,256.25,822.5,,,,,,-211.0,-358.3333333333333,,,,,,,0.5163977794943222,0.0,0.0,,,,,2026-06-19T19:09:41.559829+00:00
2026-06-19,Roki_Sasaki,Roki Sasaki,2941908,,LAD,BAL,,,,,,5.5,2.5,,missing,missing,missing,missing,missing,real,real,missing,,,,,,9.0,5.0,,,,,,,-91.44444444444444,110.6,,,,,,,56.22222222222222,-150.8,,,,,,,0.4409585518440987,0.0,,2026-06-19T19:09:41.559829+00:00
2026-06-19,Royce_Lewis,Royce Lewis,2940103,,ARI,MIN,,1.0,0.5,0.5,,,,,missing,real,real,real,missing,missing,missing,missing,,8.0,7.0,9.0,,,,,,-10.625,147.0,526.3333333333334,,,,,,60.2,-196.66666666666666,,,,,,,0.5345224838248488,0.0,0.0,,,,,2026-06-19T19:09:41.559829+00:00
2026-06-19,Ryan_McMahon,Ryan McMahon,2942618,,NYY,CIN,,0.5,0.5,0.5,,,,,missing,real,real,real,missing,missing,missing,missing,,7.0,6.0,8.0,,,,,,-17.428571428571427,80.33333333333333,419.875,,,,,,44.2,-161.66666666666666,,,,,,,0.5345224838248488,0.0,0.0,,,,,2026-06-19T19:09:41.559829+00:00
2026-06-19,Ryan_Ward,Ryan Ward,2941908,,LAD,BAL,,1.0,0.5,0.5,,,,,missing,real,real,real,missing,missing,missing,missing,,4.0,4.0,4.0,,,,,,14.0,130.0,535.0,,,,,,107.5,-175.0,,,,,,,0.5773502691896257,0.0,0.0,,,,,2026-06-19T19:09:41.559829+00:00
2026-06-19,Sal_Stewart,Sal Stewart,2942618,,NYY,CIN,,1.0,0.5,0.5,,,,,missing,real,real,real,missing,missing,missing,missing,,8.0,7.0,9.0,,,,,,-16.125,147.85714285714286,431.1111111111111,,,,,,68.2,-198.2,,,,,,,0.5345224838248488,0.0,0.0,,,,,2026-06-19T19:09:41.559829+00:00
2026-06-19,Salvador_Perez,Salvador Perez,2941919,,KC,STL,,1.5,0.5,0.5,,,,,missing,real,real,real,missing,missing,missing,missing,,8.0,7.0,9.0,,,,,,129.25,136.57142857142858,495.77777777777777,,,,,,-175.16666666666666,-193.33333333333334,,,,,,,0.0,0.0,0.0,,,,,2026-06-19T19:09:41.559829+00:00
2026-06-19,Sam_Antonacci,Sam Antonacci,2940719,,DET,CWS,,0.5,0.5,0.5,,,,,missing,real,real,real,missing,missing,missing,missing,,7.0,5.0,6.0,,,,,,12.857142857142858,209.8,1335.0,,,,,,17.8,-310.3333333333333,,,,,,,0.5345224838248488,0.0,0.0,,,,,2026-06-19T19:09:41.559829+00:00
2026-06-19,Samad_Taylor,Samad Taylor,2940570,,TEX,SD,,1.0,0.5,0.5,,,,,missing,real,real,real,missing,missing,missing,missing,,8.0,7.0,8.0,,,,,,30.5,188.0,1002.5,,,,,,28.2,-258.3333333333333,,,,,,,0.5345224838248488,0.0,0.0,,,,,2026-06-19T19:09:41.559829+00:00
2026-06-19,Samuel_Basallo,Samuel Basallo,2941908,,LAD,BAL,,1.5,0.5,0.5,,,,,missing,real,real,real,missing,missing,missing,missing,,8.0,7.0,9.0,,,,,,8.285714285714286,146.28571428571428,432.8888888888889,,,,,,46.25,-198.33333333333334,,,,,,,0.5175491695067657,0.0,0.0,,,,,2026-06-19T19:09:41.559829+00:00
2026-06-19,Seiya_Suzuki,Seiya Suzuki,2942550,,CHC,TOR,,2.5,1.5,0.5,,,,,missing,real,real,real,missing,missing,missing,missing,,8.0,7.0,4.0,,,,,,-100.4,133.33333333333334,475.0,,,,,,117.5,-194.0,,,,,,,0.8864052604279183,0.7559289460184544,0.0,,,,,2026-06-19T19:09:41.559829+00:00
2026-06-19,Seth_Lugo,Seth Lugo,2941919,,KC,STL,,,,,,4.5,2.5,,missing,missing,missing,missing,missing,real,real,missing,,,,,,9.0,5.0,,,,,,,66.55555555555556,-122.4,,,,,,,-107.0,-112.2,,,,,,,0.4409585518440986,0.0,,2026-06-19T19:09:41.559829+00:00
2026-06-19,Shea_Langeliers,Shea Langeliers,2940049,,ATH,LAA,,1.5,0.5,0.5,,,,,missing,real,real,real,missing,missing,missing,missing,,8.0,7.0,9.0,,,,,,-86.25,-133.42857142857142,300.0,,,,,,-123.33333333333333,30.0,,,,,,,0.0,0.0,0.0,,,,,2026-06-19T19:09:41.559829+00:00
2026-06-19,Shohei_Ohtani,Shohei Ohtani,2941908,,LAD,BAL,,1.5,0.5,0.5,,,,,missing,real,real,real,missing,missing,missing,missing,,8.0,6.0,9.0,,,,,,-58.625,-197.0,230.22222222222223,,,,,,-109.16666666666667,143.33333333333334,,,,,,,0.4629100498862757,0.0,0.0,,,,,2026-06-19T19:09:41.559829+00:00
2026-06-19,Spencer_Horwitz,Spencer Horwitz,2941635,,COL,PIT,,1.5,0.5,0.5,,,,,missing,real,real,real,missing,missing,missing,missing,,8.0,7.0,8.0,,,,,,104.75,-113.28571428571429,605.625,,,,,,-138.83333333333334,-120.0,,,,,,,0.0,0.0,0.0,,,,,2026-06-19T19:09:41.559829+00:00
2026-06-19,Spencer_Jones,Spencer Jones,2942618,,NYY,CIN,,1.0,0.5,0.5,,,,,missing,real,real,real,missing,missing,missing,missing,,8.0,7.0,9.0,,,,,,9.0,124.0,477.55555555555554,,,,,,38.8,-175.0,,,,,,,0.5345224838248488,0.0,0.0,,,,,2026-06-19T19:09:41.559829+00:00
2026-06-19,Spencer_Steer,Spencer Steer,2942618,,NYY,CIN,,1.0,0.5,0.5,,,,,missing,real,real,real,missing,missing,missing,missing,,8.0,7.0,9.0,,,,,,20.875,169.14285714285714,577.7777777777778,,,,,,35.8,-228.8,,,,,,,0.5345224838248488,0.0,0.0,,,,,2026-06-19T19:09:41.559829+00:00
2026-06-19,Spencer_Torkelson,Spencer Torkelson,2940719,,DET,CWS,,1.5,0.5,0.5,,,,,missing,real,real,real,missing,missing,missing,missing,,8.0,7.0,9.0,,,,,,89.125,41.285714285714285,367.8888888888889,,,,,,-119.5,-133.33333333333334,,,,,,,0.3535533905932738,0.0,0.0,,,,,2026-06-19T19:09:41.559829+00:00
2026-06-19,Sterlin_Thompson,Sterlin Thompson,2941635,,COL,PIT,,1.5,0.5,0.5,,,,,missing,real,real,real,missing,missing,missing,missing,,4.0,4.0,5.0,,,,,,70.5,126.75,716.0,,,,,,-42.5,-176.5,,,,,,,0.5,0.0,0.0,,,,,2026-06-19T19:09:41.559829+00:00
2026-06-19,Steven_Cruz,Steven Cruz,2941919,,KC,STL,,,,,,,0.5,,missing,missing,missing,missing,missing,missing,real,missing,,,,,,,3.0,,,,,,,,185.0,,,,,,,,-272.5,,,,,,,,0.0,,2026-06-19T19:09:41.559829+00:00
2026-06-19,Steven_Kwan,Steven Kwan,2941658,,HOU,CLE,,1.0,0.5,0.5,,,,,missing,real,real,real,missing,missing,missing,missing,,8.0,7.0,8.0,,,,,,-8.875,152.83333333333334,1472.5,,,,,,63.8,-203.33333333333334,,,,,,,0.5345224838248488,0.0,0.0,,,,,2026-06-19T19:09:41.559829+00:00
2026-06-19,TJ_Rumfield,TJ Rumfield,2941635,,COL,PIT,,1.5,0.5,0.5,,,,,missing,real,real,real,missing,missing,missing,missing,,8.0,7.0,9.0,,,,,,85.25,-78.14285714285714,486.3333333333333,,,,,,-141.66666666666666,-126.75,,,,,,,0.0,0.0,0.0,,,,,2026-06-19T19:09:41.559829+00:00
2026-06-19,Tanner_Bibee,Tanner Bibee,2941658,,HOU,CLE,,,,,,4.5,2.5,,missing,missing,missing,missing,missing,real,real,missing,,,,,,9.0,5.0,,,,,,,-118.77777777777777,-135.6,,,,,,,-110.0,59.8,,,,,,,0.0,0.0,,2026-06-19T19:09:41.559829+00:00
2026-06-19,Tarik_Skubal,Tarik Skubal,2940719,,DET,CWS,,,,,,6.5,1.5,,missing,missing,missing,missing,missing,real,real,missing,,,,,,9.0,5.0,,,,,,,-85.33333333333333,115.8,,,,,,,-121.0,-158.4,,,,,,,0.0,0.0,,2026-06-19T19:09:41.559829+00:00
2026-06-19,Tatsuya_Imai,Tatsuya Imai,2941658,,HOU,CLE,,,,,,4.5,2.5,,missing,missing,missing,missing,missing,real,real,missing,,,,,,9.0,5.0,,,,,,,-153.33333333333334,5.6,,,,,,,117.11111111111111,-55.0,,,,,,,0.0,0.5477225575051661,,2026-06-19T19:09:41.559829+00:00
2026-06-19,Taylor_Trammell,Taylor Trammell,2941658,,HOU,CLE,,1.5,0.5,0.5,,,,,missing,real,real,real,missing,missing,missing,missing,,1.0,1.0,1.0,,,,,,240.0,188.0,780.0,,,,,,,,,,,,,,0.0,0.0,0.0,,,,,2026-06-19T19:09:41.559829+00:00
2026-06-19,Taylor_Walls,Taylor Walls,2940947,,TB,WSH,,0.5,0.5,0.5,,,,,missing,real,real,real,missing,missing,missing,missing,,7.0,6.0,6.0,,,,,,91.6,158.25,1213.3333333333333,,,,,,-198.33333333333334,-225.0,,,,,,,0.5345224838248488,0.0,0.0,,,,,2026-06-19T19:09:41.559829+00:00
2026-06-19,Taylor_Ward,Taylor Ward,2941908,,LAD,BAL,,1.5,0.5,0.5,,,,,missing,real,real,real,missing,missing,missing,missing,,8.0,7.0,9.0,,,,,,61.875,77.0,524.1111111111111,,,,,,-82.16666666666667,-143.33333333333334,,,,,,,0.46291004988627577,0.0,0.0,,,,,2026-06-19T19:09:41.559829+00:00
2026-06-19,Tommy_Edman,Tommy Edman,2941908,,LAD,BAL,,0.5,0.5,0.5,,,,,missing,real,real,real,missing,missing,missing,missing,,1.0,1.0,1.0,,,,,,-190.0,135.0,525.0,,,,,,140.0,-185.0,,,,,,,0.0,0.0,0.0,,,,,2026-06-19T19:09:41.559829+00:00
2026-06-19,Travis_Bazzana,Travis Bazzana,2941658,,HOU,CLE,,1.5,0.5,0.5,,,,,missing,real,real,real,missing,missing,missing,missing,,8.0,7.0,9.0,,,,,,101.75,-47.142857142857146,726.6666666666666,,,,,,-136.83333333333334,-125.2,,,,,,,0.3535533905932738,0.0,0.0,,,,,2026-06-19T19:09:41.559829+00:00
2026-06-19,Trevor_Larnach,Trevor Larnach,2940103,,ARI,MIN,,1.5,0.5,0.5,,,,,missing,real,real,real,missing,missing,missing,missing,,8.0,7.0,8.0,,,,,,142.625,116.28571428571429,740.0,,,,,,-188.0,-155.0,,,,,,,0.0,0.0,0.0,,,,,2026-06-19T19:09:41.559829+00:00
2026-06-19,Trey_Gibson,Trey Gibson,2941908,,LAD,BAL,,,,,,3.5,3.5,,missing,missing,missing,missing,missing,real,real,missing,,,,,,9.0,5.0,,,,,,,80.0,14.2,,,,,,,-133.77777777777777,-55.2,,,,,,,0.0,0.5477225575051661,,2026-06-19T19:09:41.559829+00:00
2026-06-19,Tristan_Gray,Tristan Gray,2940103,,ARI,MIN,,1.0,0.5,0.5,,,,,missing,real,real,real,missing,missing,missing,missing,,8.0,7.0,9.0,,,,,,41.875,187.71428571428572,774.4444444444445,,,,,,-103.8,-256.6666666666667,,,,,,,0.5345224838248488,0.0,0.0,,,,,2026-06-19T19:09:41.559829+00:00
2026-06-19,Tristan_Peters,Tristan Peters,2940719,,DET,CWS,,0.5,0.5,0.5,,,,,missing,real,real,real,missing,missing,missing,missing,,6.0,5.0,6.0,,,,,,-4.5,225.8,1153.3333333333333,,,,,,-56.5,-324.5,,,,,,,0.5163977794943222,0.0,0.0,,,,,2026-06-19T19:09:41.559829+00:00
2026-06-19,Troy_Johnston,Troy Johnston,2941635,,COL,PIT,,1.5,0.5,0.5,,,,,missing,real,real,real,missing,missing,missing,missing,,8.0,7.0,1.0,,,,,,125.0,110.0,700.0,,,,,,-160.0,-140.0,,,,,,,0.0,0.0,0.0,,,,,2026-06-19T19:09:41.559829+00:00
2026-06-19,Ty_France,Ty France,2940570,,TEX,SD,,1.0,0.5,0.5,,,,,missing,real,real,real,missing,missing,missing,missing,,8.0,7.0,9.0,,,,,,31.875,209.85714285714286,691.1111111111111,,,,,,25.6,-308.3333333333333,,,,,,,0.5345224838248488,0.0,0.0,,,,,2026-06-19T19:09:41.559829+00:00
2026-06-19,Tyler_Freeman,Tyler Freeman,2941635,,COL,PIT,,1.5,0.5,0.5,,,,,missing,real,real,real,missing,missing,missing,missing,,7.0,6.0,7.0,,,,,,127.57142857142857,69.83333333333333,875.7142857142857,,,,,,-174.16666666666666,-144.0,,,,,,,0.0,0.0,0.0,,,,,2026-06-19T19:09:41.559829+00:00
2026-06-19,Tyler_Soderstrom,Tyler Soderstrom,2940049,,ATH,LAA,,1.5,0.5,0.5,,,,,missing,real,real,real,missing,missing,missing,missing,,8.0,7.0,9.0,,,,,,117.5,-79.85714285714286,421.6666666666667,,,,,,-159.5,-125.0,,,,,,,0.0,0.0,0.0,,,,,2026-06-19T19:09:41.559829+00:00
2026-06-19,Tyler_Stephenson,Tyler Stephenson,2942618,,NYY,CIN,,0.5,0.5,0.5,,,,,missing,real,real,real,missing,missing,missing,missing,,7.0,6.0,7.0,,,,,,7.142857142857143,189.0,580.0,,,,,,-19.0,-269.2,,,,,,,0.5345224838248488,0.0,0.0,,,,,2026-06-19T19:09:41.559829+00:00
2026-06-19,Tyler_Tolbert,Tyler Tolbert,2941919,,KC,STL,,,0.5,0.5,,,,,missing,missing,real,real,missing,missing,missing,missing,,,1.0,2.0,,,,,,,155.0,1075.0,,,,,,,,,,,,,,,0.0,0.0,,,,,2026-06-19T19:09:41.559829+00:00
2026-06-19,Vaughn_Grissom,Vaughn Grissom,2940049,,ATH,LAA,,1.5,0.5,0.5,,,,,missing,real,real,real,missing,missing,missing,missing,,8.0,7.0,8.0,,,,,,111.5,118.71428571428571,561.125,,,,,,-146.16666666666666,-163.33333333333334,,,,,,,0.0,0.0,0.0,,,,,2026-06-19T19:09:41.559829+00:00
2026-06-19,Victor_Caratini,Victor Caratini,2940103,,ARI,MIN,,1.0,0.5,0.5,,,,,missing,real,real,real,missing,missing,missing,missing,,8.0,7.0,8.0,,,,,,8.875,171.42857142857142,846.25,,,,,,50.0,-230.0,,,,,,,0.5345224838248488,0.0,0.0,,,,,2026-06-19T19:09:41.559829+00:00
2026-06-19,Victor_Mesa,Victor Mesa,2940947,,TB,WSH,,1.0,0.5,0.5,,,,,missing,real,real,real,missing,missing,missing,missing,,8.0,7.0,6.0,,,,,,61.8,164.25,751.6666666666666,,,,,,105.0,-220.0,,,,,,,0.5345224838248488,0.0,0.0,,,,,2026-06-19T19:09:41.559829+00:00
2026-06-19,Victor_Robles,Victor Robles,2941801,,SEA,BOS,,1.0,0.5,0.5,,,,,missing,real,real,real,missing,missing,missing,missing,,8.0,7.0,8.0,,,,,,45.625,211.85714285714286,1106.25,,,,,,19.2,-285.0,,,,,,,0.5345224838248488,0.0,0.0,,,,,2026-06-19T19:09:41.559829+00:00
2026-06-19,Vladimir_Guerrero,Vladimir Guerrero,2942550,,CHC,TOR,,1.0,0.5,0.5,,,,,missing,real,real,real,missing,missing,missing,missing,,8.0,7.0,5.0,,,,,,-45.0,192.66666666666666,710.0,,,,,,21.25,-297.5,,,,,,,0.5345224838248488,0.0,0.0,,,,,2026-06-19T19:09:41.559829+00:00
2026-06-19,Will_Wagner,Will Wagner,2940570,,TEX,SD,,0.5,0.5,0.5,,,,,missing,real,real,real,missing,missing,missing,missing,,7.0,6.0,7.0,,,,,,52.0,240.0,1072.857142857143,,,,,,-173.6,-366.6666666666667,,,,,,,0.5345224838248488,0.0,0.0,,,,,2026-06-19T19:09:41.559829+00:00
2026-06-19,Willi_Castro,Willi Castro,2941635,,COL,PIT,,1.5,0.5,0.5,,,,,missing,real,real,real,missing,missing,missing,missing,,8.0,7.0,9.0,,,,,,105.75,-126.42857142857143,503.1111111111111,,,,,,-139.66666666666666,-65.8,,,,,,,0.0,0.0,0.0,,,,,2026-06-19T19:09:41.559829+00:00
2026-06-19,William_Contreras,William Contreras,2940322,,ATL,MIL,,1.5,0.5,0.5,,,,,missing,real,real,real,missing,missing,missing,missing,,8.0,7.0,9.0,,,,,,118.0,110.57142857142857,539.1111111111111,,,,,,-156.16666666666666,-145.0,,,,,,,0.0,0.0,0.0,,,,,2026-06-19T19:09:41.559829+00:00
2026-06-19,Willson_Contreras,Willson Contreras,2941801,,SEA,BOS,,1.5,0.5,0.5,,,,,missing,real,real,real,missing,missing,missing,missing,,8.0,7.0,9.0,,,,,,57.5,134.14285714285714,437.77777777777777,,,,,,-76.16666666666667,-185.0,,,,,,,0.46291004988627577,0.0,0.0,,,,,2026-06-19T19:09:41.559829+00:00
2026-06-19,Willy_Adames,Willy Adames,2941544,,MIA,SF,,1.0,0.5,0.5,,,,,missing,real,real,real,missing,missing,missing,missing,,8.0,7.0,9.0,,,,,,-5.125,131.14285714285714,520.2222222222222,,,,,,50.8,-178.33333333333334,,,,,,,0.5345224838248488,0.0,0.0,,,,,2026-06-19T19:09:41.559829+00:00
2026-06-19,Wilyer_Abreu,Wilyer Abreu,2941801,,SEA,BOS,,1.5,0.5,0.5,,,,,missing,real,real,real,missing,missing,missing,missing,,8.0,6.0,9.0,,,,,,128.25,127.33333333333333,388.8888888888889,,,,,,-173.33333333333334,-177.5,,,,,,,0.0,0.0,0.0,,,,,2026-06-19T19:09:41.559829+00:00
2026-06-19,Wyatt_Langford,Wyatt Langford,2940570,,TEX,SD,,1.5,0.5,0.5,,,,,missing,real,real,real,missing,missing,missing,missing,,8.0,7.0,9.0,,,,,,92.25,124.57142857142857,505.0,,,,,,-125.16666666666667,-163.33333333333334,,,,,,,0.3535533905932738,0.0,0.0,,,,,2026-06-19T19:09:41.559829+00:00
2026-06-19,Xander_Bogaerts,Xander Bogaerts,2940570,,TEX,SD,,1.0,0.5,0.5,,,,,missing,real,real,real,missing,missing,missing,missing,,8.0,7.0,8.0,,,,,,15.25,188.71428571428572,766.875,,,,,,39.0,-258.3333333333333,,,,,,,0.5345224838248488,0.0,0.0,,,,,2026-06-19T19:09:41.559829+00:00
2026-06-19,Xavier_Edwards,Xavier Edwards,2941544,,MIA,SF,,1.5,0.5,0.5,,,,,missing,real,real,real,missing,missing,missing,missing,,8.0,7.0,8.0,,,,,,142.375,136.71428571428572,1586.25,,,,,,-188.5,-183.33333333333334,,,,,,,0.0,0.0,0.0,,,,,2026-06-19T19:09:41.559829+00:00
2026-06-19,Yainer_Diaz,Yainer Diaz,2941658,,HOU,CLE,,1.5,0.5,0.5,,,,,missing,real,real,real,missing,missing,missing,missing,,7.0,6.0,7.0,,,,,,9.0,160.83333333333334,686.4285714285714,,,,,,-35.666666666666664,-221.66666666666666,,,,,,,0.5345224838248488,0.0,0.0,,,,,2026-06-19T19:09:41.559829+00:00
2026-06-19,Yandy_Diaz,Yandy Diaz,2940947,,TB,WSH,,1.5,0.5,0.5,,,,,missing,real,real,real,missing,missing,missing,missing,,8.0,7.0,8.0,,,,,,77.42857142857143,-27.8,633.125,,,,,,-145.8,-132.5,,,,,,,0.0,0.0,0.0,,,,,2026-06-19T19:09:41.559829+00:00
2026-06-19,Yohendrick_Pinango,Yohendrick Pinango,2942550,,CHC,TOR,,0.5,0.5,0.5,,,,,missing,real,real,real,missing,missing,missing,missing,,8.0,7.0,5.0,,,,,,-24.0,161.66666666666666,780.0,,,,,,-8.333333333333334,-245.0,,,,,,,0.5175491695067657,0.0,0.0,,,,,2026-06-19T19:09:41.559829+00:00
2026-06-19,Yordan_Alvarez,Yordan Alvarez,2941658,,HOU,CLE,,1.5,0.5,0.5,,,,,missing,real,real,real,missing,missing,missing,missing,,8.0,7.0,9.0,,,,,,-119.0,-136.42857142857142,219.44444444444446,,,,,,-112.83333333333333,100.0,,,,,,,0.0,0.0,0.0,,,,,2026-06-19T19:09:41.559829+00:00
2026-06-19,Zach_McKinstry,Zach McKinstry,2940719,,DET,CWS,,1.0,0.5,0.5,,,,,missing,real,real,real,missing,missing,missing,missing,,8.0,7.0,8.0,,,,,,1.25,149.85714285714286,961.875,,,,,,52.6,-198.33333333333334,,,,,,,0.5345224838248488,0.0,0.0,,,,,2026-06-19T19:09:41.559829+00:00
2026-06-19,Zach_Neto,Zach Neto,2940049,,ATH,LAA,,1.5,0.5,0.5,,,,,missing,real,real,real,missing,missing,missing,missing,,8.0,7.0,9.0,,,,,,23.625,-123.85714285714286,283.77777777777777,,,,,,-134.83333333333334,-113.33333333333333,,,,,,,0.0,0.0,0.0,,,,,2026-06-19T19:09:41.559829+00:00
2026-06-19,Zack_Gelof,Zack Gelof,2940049,,ATH,LAA,,1.5,0.5,0.5,,,,,missing,real,real,real,missing,missing,missing,missing,,8.0,7.0,9.0,,,,,,117.375,-131.57142857142858,503.22222222222223,,,,,,-159.33333333333334,100.0,,,,,,,0.0,0.0,0.0,,,,,2026-06-19T19:09:41.559829+00:00
