Date,Season,Game_ID,Player,Player_ID,Team,Team_ID,Opponent,Opponent_ID,Is_Home,Position,Temp_F,Wind_Out_MPH,Player_Type,Batting_Order,R,H,HR,RBI,TB,PA,AB,BB,SO,SB,2B,3B,HBP,IBB,SF,SH
2026-04-01,2026,822835,Brenton Doyle,686668,COL,115,TOR,141,0,CF,68.0,0.0,hitter,8,1,0,0,0,0,4,4,0,2,0,0,0,0,0,0,0
2026-04-01,2026,822835,Brett Sullivan,664954,COL,115,TOR,141,0,C,68.0,0.0,hitter,7,0,1,0,0,1,4,4,0,2,0,0,0,0,0,0,0
2026-04-01,2026,822835,Edouard Julien,666397,COL,115,TOR,141,0,1B,68.0,0.0,hitter,6,0,0,0,0,0,1,1,0,1,0,0,0,0,0,0,0
2026-04-01,2026,822835,Ezequiel Tovar,678662,COL,115,TOR,141,0,SS,68.0,0.0,hitter,4,0,1,0,0,1,5,5,0,1,0,0,0,0,0,0,0
2026-04-01,2026,822835,Hunter Goodman,696100,COL,115,TOR,141,0,DH,68.0,0.0,hitter,2,0,0,0,0,0,5,4,1,3,0,0,0,0,1,0,0
2026-04-01,2026,822835,Jordan Beck,687597,COL,115,TOR,141,0,RF,68.0,0.0,hitter,6,0,0,0,0,0,3,3,0,2,0,0,0,0,0,0,0
2026-04-01,2026,822835,Kyle Karros,691720,COL,115,TOR,141,0,3B,68.0,0.0,hitter,9,0,0,0,0,0,3,2,1,1,0,0,0,0,0,0,0
2026-04-01,2026,822835,Ryan Ritter,690022,COL,115,TOR,141,0,2B,68.0,0.0,hitter,5,0,0,0,0,0,1,1,0,1,0,0,0,0,0,0,0
2026-04-01,2026,822835,TJ Rumfield,681198,COL,115,TOR,141,0,1B,68.0,0.0,hitter,5,0,1,0,0,1,3,3,0,0,0,0,0,0,0,0,0
2026-04-01,2026,822835,Troy Johnston,687859,COL,115,TOR,141,0,LF,68.0,0.0,hitter,1,0,2,0,1,3,5,4,0,1,0,1,0,0,0,0,1
2026-04-01,2026,822835,Tyler Freeman,671289,COL,115,TOR,141,0,RF,68.0,0.0,hitter,9,0,1,0,1,1,1,1,0,0,0,0,0,0,0,0,0
2026-04-01,2026,822835,Willi Castro,650489,COL,115,TOR,141,0,3B,68.0,0.0,hitter,3,0,0,0,0,0,5,4,1,3,0,0,0,0,0,0,0
2026-04-01,2026,822835,Addison Barger,680718,TOR,141,COL,115,1,RF,68.0,0.0,hitter,8,0,0,0,0,0,1,1,0,1,0,0,0,0,0,0,0
2026-04-01,2026,822835,Alejandro Kirk,672386,TOR,141,COL,115,1,C,68.0,0.0,hitter,5,0,1,0,0,1,4,4,0,0,0,0,0,0,0,0,0
2026-04-01,2026,822835,Andrés Giménez,665926,TOR,141,COL,115,1,SS,68.0,0.0,hitter,9,0,0,0,0,0,4,4,0,1,0,0,0,0,0,0,0
2026-04-01,2026,822835,Davis Schneider,676914,TOR,141,COL,115,1,LF,68.0,0.0,hitter,2,0,1,0,1,1,3,3,0,1,0,0,0,0,0,0,0
2026-04-01,2026,822835,Ernie Clement,676391,TOR,141,COL,115,1,2B,68.0,0.0,hitter,6,0,2,0,0,2,4,4,0,0,0,0,0,0,0,0,0
2026-04-01,2026,822835,George Springer,543807,TOR,141,COL,115,1,DH,68.0,0.0,hitter,1,0,0,0,0,0,5,4,1,3,0,0,0,0,0,0,0
2026-04-01,2026,822835,Jesús Sánchez,660821,TOR,141,COL,115,1,LF,68.0,0.0,hitter,7,0,0,0,0,0,4,3,0,1,0,0,0,1,0,0,0
2026-04-01,2026,822835,Kazuma Okamoto,672960,TOR,141,COL,115,1,3B,68.0,0.0,hitter,4,0,1,0,0,1,4,4,0,2,0,0,0,0,0,0,0
2026-04-01,2026,822835,Myles Straw,664702,TOR,141,COL,115,1,CF,68.0,0.0,hitter,8,1,2,0,0,2,2,2,0,0,0,0,0,0,0,0,0
2026-04-01,2026,822835,Nathan Lukes,664770,TOR,141,COL,115,1,RF,68.0,0.0,hitter,2,0,0,0,0,0,2,2,0,0,0,0,0,0,0,0,0
2026-04-01,2026,822835,Tyler Heineman,623168,TOR,141,COL,115,1,C,68.0,0.0,hitter,8,0,0,0,0,0,1,1,0,0,0,0,0,0,0,0,0
2026-04-01,2026,822835,Vladimir Guerrero Jr.,665489,TOR,141,COL,115,1,1B,68.0,0.0,hitter,3,0,0,0,0,0,5,4,0,0,0,0,0,1,0,0,0
2026-04-01,2026,823078,Bo Bichette,666182,NYM,121,STL,138,0,3B,58.0,0.0,hitter,3,0,1,0,0,1,5,5,0,0,0,0,0,0,0,0,0
2026-04-01,2026,823078,Brett Baty,683146,NYM,121,STL,138,0,1B,58.0,0.0,hitter,6,0,0,0,0,0,3,3,0,0,0,0,0,0,0,0,0
2026-04-01,2026,823078,Carson Benge,701807,NYM,121,STL,138,0,RF,58.0,0.0,hitter,9,0,0,0,0,0,2,2,0,1,0,0,0,0,0,0,0
2026-04-01,2026,823078,Francisco Alvarez,682626,NYM,121,STL,138,0,C,58.0,0.0,hitter,8,0,0,0,0,0,4,3,0,1,0,0,0,0,0,0,0
2026-04-01,2026,823078,Francisco Lindor,596019,NYM,121,STL,138,0,SS,58.0,0.0,hitter,1,0,0,0,0,0,5,4,1,0,0,0,0,0,0,0,0
2026-04-01,2026,823078,Jared Young,676724,NYM,121,STL,138,0,DH,58.0,0.0,hitter,4,0,0,0,0,0,1,0,1,0,0,0,0,0,0,0,0
2026-04-01,2026,823078,Jorge Polanco,593871,NYM,121,STL,138,0,DH,58.0,0.0,hitter,4,0,1,0,0,2,4,4,0,0,0,1,0,0,0,0,0
2026-04-01,2026,823078,Juan Soto,665742,NYM,121,STL,138,0,LF,58.0,0.0,hitter,2,1,1,1,1,4,5,5,0,1,0,0,0,0,0,0,0
2026-04-01,2026,823078,Luis Robert Jr.,673357,NYM,121,STL,138,0,CF,58.0,0.0,hitter,5,0,1,0,0,1,5,4,1,1,0,0,0,0,0,0,0
2026-04-01,2026,823078,Marcus Semien,543760,NYM,121,STL,138,0,2B,58.0,0.0,hitter,7,0,0,0,0,0,5,4,1,2,0,0,0,0,0,0,0
2026-04-01,2026,823078,Mark Vientos,668901,NYM,121,STL,138,0,1B,58.0,0.0,hitter,6,0,1,0,0,2,2,2,0,0,0,1,0,0,0,0,0
2026-04-01,2026,823078,Tyrone Taylor,621438,NYM,121,STL,138,0,RF,58.0,0.0,hitter,9,0,0,0,0,0,2,2,0,0,0,0,0,0,0,0,0
2026-04-01,2026,823078,Alec Burleson,676475,STL,138,NYM,121,1,1B,58.0,0.0,hitter,3,0,0,0,0,0,5,5,0,1,0,0,0,0,0,0,0
2026-04-01,2026,823078,Iván Herrera,671056,STL,138,NYM,121,1,DH,58.0,0.0,hitter,2,0,1,0,0,1,5,3,2,1,0,0,0,0,1,0,0
2026-04-01,2026,823078,JJ Wetherholt,802139,STL,138,NYM,121,1,2B,58.0,0.0,hitter,1,2,1,0,0,1,5,5,0,2,0,0,0,0,0,0,0
2026-04-01,2026,823078,Jordan Walker,691023,STL,138,NYM,121,1,RF,58.0,0.0,hitter,7,0,0,0,0,0,2,2,0,2,0,0,0,0,0,0,0
2026-04-01,2026,823078,Masyn Winn,691026,STL,138,NYM,121,1,SS,58.0,0.0,hitter,4,0,1,0,1,1,5,4,1,1,1,0,0,0,0,0,0
2026-04-01,2026,823078,Nathan Church,701675,STL,138,NYM,121,1,RF,58.0,0.0,hitter,7,0,0,0,0,0,2,2,0,0,0,0,0,0,0,0,0
2026-04-01,2026,823078,Nolan Gorman,669357,STL,138,NYM,121,1,3B,58.0,0.0,hitter,5,0,1,0,1,1,4,3,1,0,0,0,0,0,0,0,0
2026-04-01,2026,823078,Pedro Pagés,686780,STL,138,NYM,121,1,C,58.0,0.0,hitter,8,0,0,0,0,0,4,4,0,3,0,0,0,0,0,0,0
2026-04-01,2026,823078,Thomas Saggese,695336,STL,138,NYM,121,1,LF,58.0,0.0,hitter,6,0,1,0,0,1,4,4,0,2,0,0,0,0,0,0,0
2026-04-01,2026,823078,Victor Scott II,687363,STL,138,NYM,121,1,CF,58.0,0.0,hitter,9,0,0,0,0,0,4,4,0,1,0,0,0,0,0,0,0
2026-04-01,2026,823157,Brendan Donovan,680977,SEA,136,NYY,147,1,3B,47.0,0.0,hitter,1,0,1,0,0,2,4,3,1,0,0,1,0,0,0,0,0
2026-04-01,2026,823157,Cal Raleigh,663728,SEA,136,NYY,147,1,C,47.0,0.0,hitter,2,0,1,0,2,1,4,4,0,2,0,0,0,0,0,0,0
2026-04-01,2026,823157,Cole Young,702284,SEA,136,NYY,147,1,2B,47.0,0.0,hitter,8,1,1,0,0,1,4,4,0,1,0,0,0,0,0,0,0
2026-04-01,2026,823157,Dominic Canzone,686527,SEA,136,NYY,147,1,DH,47.0,0.0,hitter,7,1,2,0,1,2,4,4,0,1,1,0,0,0,0,0,0
2026-04-01,2026,823157,Josh Naylor,647304,SEA,136,NYY,147,1,1B,47.0,0.0,hitter,4,0,0,0,0,0,4,4,0,0,0,0,0,0,0,0,0
2026-04-01,2026,823157,Julio Rodríguez,677594,SEA,136,NYY,147,1,CF,47.0,0.0,hitter,3,0,0,0,0,0,4,4,0,2,0,0,0,0,0,0,0
2026-04-01,2026,823157,Leo Rivas,660844,SEA,136,NYY,147,1,SS,47.0,0.0,hitter,9,0,0,0,0,0,3,3,0,3,0,0,0,0,0,0,0
2026-04-01,2026,823157,Luke Raley,670042,SEA,136,NYY,147,1,RF,47.0,0.0,hitter,6,0,1,0,0,1,4,4,0,0,0,0,0,0,0,0,0
2026-04-01,2026,823157,Randy Arozarena,668227,SEA,136,NYY,147,1,LF,47.0,0.0,hitter,5,1,1,0,0,2,4,4,0,1,0,1,0,0,0,0,0
2026-04-01,2026,823157,Aaron Judge,592450,NYY,147,SEA,136,0,RF,47.0,0.0,hitter,2,0,0,0,0,0,4,4,0,1,0,0,0,0,0,0,0
2026-04-01,2026,823157,Amed Rosario,642708,NYY,147,SEA,136,0,3B,47.0,0.0,hitter,7,0,1,0,0,1,3,3,0,0,0,0,0,0,0,0,0
2026-04-01,2026,823157,Austin Wells,669224,NYY,147,SEA,136,0,C,47.0,0.0,hitter,8,0,1,0,0,1,3,3,0,1,0,0,0,0,0,0,0
2026-04-01,2026,823157,Ben Rice,700250,NYY,147,SEA,136,0,DH,47.0,0.0,hitter,4,2,2,1,2,6,4,3,1,0,0,1,0,0,0,0,0
2026-04-01,2026,823157,Cody Bellinger,641355,NYY,147,SEA,136,0,LF,47.0,0.0,hitter,3,1,0,0,0,0,4,3,1,1,1,0,0,0,0,0,0
2026-04-01,2026,823157,Jazz Chisholm Jr.,665862,NYY,147,SEA,136,0,2B,47.0,0.0,hitter,6,0,1,0,0,1,4,4,0,2,0,0,0,0,0,0,0
2026-04-01,2026,823157,José Caballero,676609,NYY,147,SEA,136,0,SS,47.0,0.0,hitter,9,0,0,0,0,0,3,3,0,1,0,0,0,0,0,0,0
2026-04-01,2026,823157,Paul Goldschmidt,502671,NYY,147,SEA,136,0,1B,47.0,0.0,hitter,5,1,1,1,3,4,4,4,0,2,0,0,0,0,0,0,0
2026-04-01,2026,823157,Ryan McMahon,641857,NYY,147,SEA,136,0,3B,47.0,0.0,hitter,7,0,0,0,0,0,1,1,0,0,0,0,0,0,0,0,0
2026-04-01,2026,823157,Trent Grisham,663757,NYY,147,SEA,136,0,CF,47.0,0.0,hitter,1,1,0,0,0,0,4,3,1,1,0,0,0,0,0,0,0
2026-04-01,2026,823321,Bryce Johnson,669369,SD,135,SF,137,1,LF,70.0,0.0,hitter,9,0,1,0,0,2,4,3,1,2,0,1,0,0,0,0,0
2026-04-01,2026,823321,Fernando Tatis Jr.,665487,SD,135,SF,137,1,RF,70.0,0.0,hitter,1,0,1,0,1,1,5,4,1,0,0,0,0,0,0,0,0
2026-04-01,2026,823321,Freddy Fermin,666023,SD,135,SF,137,1,C,70.0,0.0,hitter,8,0,0,0,0,0,4,4,0,1,0,0,0,0,0,0,0
2026-04-01,2026,823321,Gavin Sheets,657757,SD,135,SF,137,1,1B,70.0,0.0,hitter,7,2,2,0,1,4,4,3,1,0,0,2,0,0,0,0,0
2026-04-01,2026,823321,Jackson Merrill,701538,SD,135,SF,137,1,CF,70.0,0.0,hitter,3,1,1,0,0,1,5,5,0,1,0,0,0,0,0,0,0
2026-04-01,2026,823321,Jake Cronenworth,630105,SD,135,SF,137,1,2B,70.0,0.0,hitter,6,1,1,0,0,1,4,3,1,1,0,0,0,0,0,0,0
2026-04-01,2026,823321,Manny Machado,592518,SD,135,SF,137,1,3B,70.0,0.0,hitter,4,1,1,0,0,2,4,4,0,1,0,1,0,0,0,0,0
2026-04-01,2026,823321,Ramón Laureano,657656,SD,135,SF,137,1,DH,70.0,0.0,hitter,5,2,2,1,2,5,4,4,0,0,0,0,0,0,0,0,0
2026-04-01,2026,823321,Xander Bogaerts,593428,SD,135,SF,137,1,SS,70.0,0.0,hitter,2,0,0,0,1,0,5,4,1,1,0,0,0,0,0,0,0
2026-04-01,2026,823321,Casey Schmitt,669477,SF,137,SD,135,0,1B,70.0,0.0,hitter,9,0,0,0,0,0,3,3,0,1,0,0,0,0,0,0,0
2026-04-01,2026,823321,Harrison Bader,664056,SF,137,SD,135,0,CF,70.0,0.0,hitter,7,0,1,0,1,1,4,3,1,1,0,0,0,0,0,0,0
2026-04-01,2026,823321,Heliot Ramos,671218,SF,137,SD,135,0,LF,70.0,0.0,hitter,3,0,0,0,0,0,4,4,0,2,0,0,0,0,0,0,0
2026-04-01,2026,823321,Jerar Encarnacion,666464,SF,137,SD,135,0,PH,70.0,0.0,hitter,8,0,0,0,0,0,1,1,0,0,0,0,0,0,0,0,0
2026-04-01,2026,823321,Jung Hoo Lee,808982,SF,137,SD,135,0,RF,70.0,0.0,hitter,6,0,0,0,0,0,4,3,1,1,0,0,0,0,0,0,0
2026-04-01,2026,823321,Luis Arraez,650333,SF,137,SD,135,0,2B,70.0,0.0,hitter,4,1,3,0,0,4,4,4,0,0,1,1,0,0,0,0,0
2026-04-01,2026,823321,Matt Chapman,656305,SF,137,SD,135,0,3B,70.0,0.0,hitter,5,0,0,0,0,0,4,4,0,3,0,0,0,0,0,0,0
2026-04-01,2026,823321,Patrick Bailey,672275,SF,137,SD,135,0,C,70.0,0.0,hitter,8,0,0,0,0,0,2,2,0,2,0,0,0,0,0,0,0
2026-04-01,2026,823321,Rafael Devers,646240,SF,137,SD,135,0,DH,70.0,0.0,hitter,2,0,0,0,0,0,4,3,1,2,0,0,0,0,0,0,0
2026-04-01,2026,823321,Willy Adames,642715,SF,137,SD,135,0,SS,70.0,0.0,hitter,1,0,0,0,0,0,4,4,0,2,0,0,0,0,0,0,0
2026-04-01,2026,823483,Brady House,691781,WSH,120,PHI,143,0,3B,79.0,0.0,hitter,3,0,2,0,0,3,5,4,1,0,0,1,0,0,0,0,0
2026-04-01,2026,823483,CJ Abrams,682928,WSH,120,PHI,143,0,SS,79.0,0.0,hitter,6,1,1,1,3,4,5,4,1,1,0,0,0,0,0,0,0
2026-04-01,2026,823483,Curtis Mead,678554,WSH,120,PHI,143,0,1B,79.0,0.0,hitter,2,0,0,0,0,0,3,3,0,0,0,0,0,0,0,0,0
2026-04-01,2026,823483,Daylen Lile,695734,WSH,120,PHI,143,0,DH,79.0,0.0,hitter,4,1,2,0,0,2,5,5,0,1,0,0,0,0,0,0,0
2026-04-01,2026,823483,Drew Millas,686452,WSH,120,PHI,143,0,C,79.0,0.0,hitter,9,0,1,0,1,1,4,4,0,2,0,0,0,0,0,0,0
2026-04-01,2026,823483,Jacob Young,696285,WSH,120,PHI,143,0,CF,79.0,0.0,hitter,8,1,1,0,0,1,4,3,1,1,1,0,0,0,0,0,0
2026-04-01,2026,823483,James Wood,695578,WSH,120,PHI,143,0,LF,79.0,0.0,hitter,1,0,0,0,0,0,5,5,0,1,0,0,0,0,0,0,0
2026-04-01,2026,823483,Joey Wiemer,686894,WSH,120,PHI,143,0,RF,79.0,0.0,hitter,5,2,2,0,0,2,5,4,1,2,0,0,0,0,0,0,0
2026-04-01,2026,823483,Luis García Jr.,671277,WSH,120,PHI,143,0,1B,79.0,0.0,hitter,2,0,1,0,0,1,2,2,0,1,0,0,0,0,0,0,0
2026-04-01,2026,823483,Nasim Nuñez,683083,WSH,120,PHI,143,0,2B,79.0,0.0,hitter,7,0,0,0,0,0,4,4,0,2,0,0,0,0,0,0,0
2026-04-01,2026,823483,Adolis García,666969,PHI,143,WSH,120,1,RF,79.0,0.0,hitter,6,0,2,0,0,2,5,4,1,0,0,0,0,0,0,0,0
2026-04-01,2026,823483,Alec Bohm,664761,PHI,143,WSH,120,1,3B,79.0,0.0,hitter,4,0,0,0,0,0,5,4,1,0,0,0,0,0,0,0,0
2026-04-01,2026,823483,Brandon Marsh,669016,PHI,143,WSH,120,1,LF,79.0,0.0,hitter,7,1,1,0,0,1,5,5,0,0,0,0,0,0,0,0,0
2026-04-01,2026,823483,Bryce Harper,547180,PHI,143,WSH,120,1,1B,79.0,0.0,hitter,3,1,1,1,1,4,5,5,0,1,0,0,0,0,0,0,0
2026-04-01,2026,823483,Bryson Stott,681082,PHI,143,WSH,120,1,2B,79.0,0.0,hitter,5,0,0,0,0,0,3,3,0,1,0,0,0,0,0,0,0
2026-04-01,2026,823483,Edmundo Sosa,624641,PHI,143,WSH,120,1,2B,79.0,0.0,hitter,5,0,1,0,2,1,2,2,0,0,0,0,0,0,0,0,0
2026-04-01,2026,823483,J.T. Realmuto,592663,PHI,143,WSH,120,1,C,79.0,0.0,hitter,8,1,2,1,1,5,5,3,1,0,0,0,0,1,0,0,0
2026-04-01,2026,823483,Justin Crawford,702222,PHI,143,WSH,120,1,CF,79.0,0.0,hitter,9,0,3,0,1,4,5,5,0,1,0,1,0,0,0,0,0
2026-04-01,2026,823483,Kyle Schwarber,656941,PHI,143,WSH,120,1,DH,79.0,0.0,hitter,2,0,1,0,1,2,5,3,1,1,0,1,0,1,0,0,0
2026-04-01,2026,823483,Trea Turner,607208,PHI,143,WSH,120,1,SS,79.0,0.0,hitter,1,2,1,0,0,1,5,4,1,0,1,0,0,0,0,0,0
2026-04-01,2026,823806,Ben Williamson,810938,TB,139,MIL,158,0,3B,62.0,0.0,hitter,8,0,0,0,0,0,4,4,0,2,0,0,0,0,0,0,0
2026-04-01,2026,823806,Cedric Mullins,656775,TB,139,MIL,158,0,CF,62.0,0.0,hitter,5,0,0,0,0,0,4,3,0,3,0,0,0,1,0,0,0
2026-04-01,2026,823806,Chandler Simpson,802415,TB,139,MIL,158,0,LF,62.0,0.0,hitter,7,0,2,0,0,2,4,3,1,0,0,0,0,0,0,0,0
2026-04-01,2026,823806,Jake Fraley,641584,TB,139,MIL,158,0,RF,62.0,0.0,hitter,3,0,1,0,0,2,3,3,0,1,0,1,0,0,0,0,0
2026-04-01,2026,823806,Jonathan Aranda,666018,TB,139,MIL,158,0,1B,62.0,0.0,hitter,2,0,0,0,0,0,4,3,1,0,0,0,0,0,0,0,0
2026-04-01,2026,823806,Jonny DeLuca,676356,TB,139,MIL,158,0,RF,62.0,0.0,hitter,3,0,0,0,0,0,1,1,0,0,0,0,0,0,0,0,0
2026-04-01,2026,823806,Junior Caminero,691406,TB,139,MIL,158,0,1B,62.0,0.0,hitter,4,0,0,0,0,0,4,4,0,2,0,0,0,0,0,0,0
2026-04-01,2026,823806,Nick Fortes,663743,TB,139,MIL,158,0,C,62.0,0.0,hitter,6,0,1,0,0,1,4,4,0,1,0,0,0,0,0,0,0
2026-04-01,2026,823806,Richie Palacios,680700,TB,139,MIL,158,0,2B,62.0,0.0,hitter,9,1,0,0,0,0,3,1,1,0,0,0,0,1,0,0,0
2026-04-01,2026,823806,Ryan Vilade,668723,TB,139,MIL,158,0,PH,62.0,0.0,hitter,9,0,0,0,0,0,1,1,0,1,0,0,0,0,0,0,0
2026-04-01,2026,823806,Yandy Díaz,650490,TB,139,MIL,158,0,DH,62.0,0.0,hitter,1,1,1,1,2,4,4,4,0,1,0,0,0,0,0,0,0
2026-04-01,2026,823806,Blake Perkins,663368,MIL,158,TB,139,1,LF,62.0,0.0,hitter,7,0,0,0,1,0,4,4,0,1,0,0,0,0,0,0,0
2026-04-01,2026,823806,Brice Turang,668930,MIL,158,TB,139,1,2B,62.0,0.0,hitter,1,2,1,1,2,4,4,2,1,0,0,0,0,0,0,0,1
2026-04-01,2026,823806,Christian Yelich,592885,MIL,158,TB,139,1,DH,62.0,0.0,hitter,3,1,2,0,2,2,4,4,0,2,0,0,0,0,0,0,0
2026-04-01,2026,823806,David Hamilton,666152,MIL,158,TB,139,1,3B,62.0,0.0,hitter,8,1,1,0,1,1,4,4,0,2,1,0,0,0,0,0,0
2026-04-01,2026,823806,Garrett Mitchell,669003,MIL,158,TB,139,1,CF,62.0,0.0,hitter,5,1,2,0,2,3,4,4,0,2,1,1,0,0,0,0,0
2026-04-01,2026,823806,Jake Bauers,641343,MIL,158,TB,139,1,1B,62.0,0.0,hitter,4,1,0,0,0,0,4,3,1,1,0,0,0,0,0,0,0
2026-04-01,2026,823806,Joey Ortiz,687401,MIL,158,TB,139,1,SS,62.0,0.0,hitter,9,1,1,0,0,1,4,4,0,0,0,0,0,0,0,0,0
2026-04-01,2026,823806,Sal Frelick,686217,MIL,158,TB,139,1,RF,62.0,0.0,hitter,6,0,0,0,0,0,4,4,0,2,0,0,0,0,0,0,0
2026-04-01,2026,823806,William Contreras,661388,MIL,158,TB,139,1,C,62.0,0.0,hitter,2,1,1,0,0,1,4,4,0,0,0,0,0,0,0,0,0
2026-04-01,2026,823889,Andrew Benintendi,643217,CWS,145,MIA,146,0,LF,72.0,0.0,hitter,3,0,0,0,0,0,4,4,0,2,0,0,0,0,0,0,0
2026-04-01,2026,823889,Chase Meidroth,805367,CWS,145,MIA,146,0,2B,72.0,0.0,hitter,1,0,1,0,0,1,4,4,0,0,0,0,0,0,0,0,0
2026-04-01,2026,823889,Colson Montgomery,695657,CWS,145,MIA,146,0,3B,72.0,0.0,hitter,4,0,0,0,0,0,4,4,0,1,0,0,0,0,0,0,0
2026-04-01,2026,823889,Derek Hill,656537,CWS,145,MIA,146,0,RF,72.0,0.0,hitter,7,0,0,0,0,0,1,1,0,0,0,0,0,0,0,0,0
2026-04-01,2026,823889,Everson Pereira,677592,CWS,145,MIA,146,0,RF,72.0,0.0,hitter,7,0,0,0,0,0,2,2,0,2,0,0,0,0,0,0,0
2026-04-01,2026,823889,Lenyn Sosa,672820,CWS,145,MIA,146,0,1B,72.0,0.0,hitter,2,0,0,0,0,0,1,1,0,0,0,0,0,0,0,0,0
2026-04-01,2026,823889,Luisangel Acuña,682668,CWS,145,MIA,146,0,SS,72.0,0.0,hitter,9,0,1,0,0,1,3,3,0,0,0,0,0,0,0,0,0
2026-04-01,2026,823889,Miguel Vargas,678246,CWS,145,MIA,146,0,DH,72.0,0.0,hitter,5,0,0,0,0,0,3,2,0,0,0,0,0,1,0,0,0
2026-04-01,2026,823889,Munetaka Murakami,808959,CWS,145,MIA,146,0,1B,72.0,0.0,hitter,2,0,0,0,0,0,3,3,0,2,0,0,0,0,0,0,0
2026-04-01,2026,823889,Reese McGuire,624512,CWS,145,MIA,146,0,C,72.0,0.0,hitter,8,0,0,0,0,0,3,3,0,0,0,0,0,0,0,0,0
2026-04-01,2026,823889,Tristan Peters,671976,CWS,145,MIA,146,0,CF,72.0,0.0,hitter,6,0,1,0,0,1,3,3,0,0,0,0,0,0,0,0,0
2026-04-01,2026,823889,Connor Norby,681393,MIA,146,CWS,145,1,DH,72.0,0.0,hitter,5,1,1,0,1,2,5,5,0,1,0,1,0,0,0,0,0
2026-04-01,2026,823889,Graham Pauley,688363,MIA,146,CWS,145,1,1B,72.0,0.0,hitter,8,1,2,0,0,4,4,4,0,0,0,2,0,0,0,0,0
2026-04-01,2026,823889,Heriberto Hernández,681715,MIA,146,CWS,145,1,LF,72.0,0.0,hitter,7,1,1,0,0,1,4,3,1,1,0,0,0,0,0,0,0
2026-04-01,2026,823889,Jakob Marsee,805300,MIA,146,CWS,145,1,CF,72.0,0.0,hitter,1,1,0,0,0,0,5,3,2,1,0,0,0,0,0,0,0
2026-04-01,2026,823889,Javier Sanoja,691594,MIA,146,CWS,145,1,3B,72.0,0.0,hitter,9,0,2,0,2,3,4,4,0,0,0,1,0,0,0,0,0
2026-04-01,2026,823889,Leo Jiménez,677870,MIA,146,CWS,145,1,2B,72.0,0.0,hitter,2,0,0,0,0,0,2,2,0,0,0,0,0,0,0,0,0
2026-04-01,2026,823889,Liam Hicks,689414,MIA,146,CWS,145,1,C,72.0,0.0,hitter,4,2,3,1,4,6,5,4,0,0,0,0,0,1,0,0,0
2026-04-01,2026,823889,Otto Lopez,672640,MIA,146,CWS,145,1,SS,72.0,0.0,hitter,3,3,2,1,1,7,5,4,1,0,0,0,1,0,0,0,0
2026-04-01,2026,823889,Owen Caissie,683357,MIA,146,CWS,145,1,RF,72.0,0.0,hitter,6,0,1,0,2,1,5,5,0,2,0,0,0,0,0,0,0
2026-04-01,2026,823889,Xavier Edwards,669364,MIA,146,CWS,145,1,2B,72.0,0.0,hitter,2,1,1,0,0,1,3,3,0,1,0,0,0,0,0,0,0
2026-04-01,2026,823970,Angel Martínez,682657,CLE,114,LAD,119,0,RF,68.0,0.0,hitter,2,1,0,0,0,0,4,2,1,0,0,0,0,1,0,0,0
2026-04-01,2026,823970,Bo Naylor,666310,CLE,114,LAD,119,0,C,68.0,0.0,hitter,6,0,2,0,0,2,4,4,0,1,0,0,0,0,0,0,0
2026-04-01,2026,823970,Brayan Rocchio,677587,CLE,114,LAD,119,0,2B,68.0,0.0,hitter,9,0,1,0,0,1,3,3,0,0,0,0,0,0,0,0,0
2026-04-01,2026,823970,Daniel Schneemann,682177,CLE,114,LAD,119,0,CF,68.0,0.0,hitter,7,1,1,0,0,2,4,4,0,0,1,1,0,0,0,0,0
2026-04-01,2026,823970,Gabriel Arias,672356,CLE,114,LAD,119,0,SS,68.0,0.0,hitter,8,1,1,1,1,4,3,3,0,2,0,0,0,0,0,0,0
2026-04-01,2026,823970,José Ramírez,608070,CLE,114,LAD,119,0,3B,68.0,0.0,hitter,3,1,1,1,2,4,4,3,1,0,0,0,0,0,0,0,0
2026-04-01,2026,823970,Kyle Manzardo,700932,CLE,114,LAD,119,0,DH,68.0,0.0,hitter,4,0,0,0,0,0,4,4,0,1,0,0,0,0,0,0,0
2026-04-01,2026,823970,Rhys Hoskins,656555,CLE,114,LAD,119,0,1B,68.0,0.0,hitter,5,0,0,0,0,0,4,4,0,1,0,0,0,0,0,0,0
2026-04-01,2026,823970,Steven Kwan,680757,CLE,114,LAD,119,0,LF,68.0,0.0,hitter,1,0,0,0,0,0,4,3,1,0,0,0,0,0,0,0,0
2026-04-01,2026,823970,Alex Freeland,690976,LAD,119,CLE,114,1,2B,68.0,0.0,hitter,9,0,0,0,0,0,3,2,1,2,0,0,0,0,0,0,0
2026-04-01,2026,823970,Andy Pages,681624,LAD,119,CLE,114,1,CF,68.0,0.0,hitter,8,0,3,0,0,4,3,3,0,0,0,1,0,0,0,0,0
2026-04-01,2026,823970,Freddie Freeman,518692,LAD,119,CLE,114,1,1B,68.0,0.0,hitter,4,1,1,1,1,4,4,4,0,0,0,0,0,0,0,0,0
2026-04-01,2026,823970,Kyle Tucker,663656,LAD,119,CLE,114,1,RF,68.0,0.0,hitter,2,0,0,0,0,0,4,4,0,1,0,0,0,0,0,0,0
2026-04-01,2026,823970,Max Muncy,571970,LAD,119,CLE,114,1,3B,68.0,0.0,hitter,6,0,0,0,0,0,3,3,0,2,0,0,0,0,0,0,0
2026-04-01,2026,823970,Mookie Betts,605141,LAD,119,CLE,114,1,SS,68.0,0.0,hitter,3,0,0,0,0,0,4,3,1,0,0,0,0,0,0,0,0
2026-04-01,2026,823970,Shohei Ohtani,660271,LAD,119,CLE,114,1,DH,68.0,0.0,hitter,1,0,0,0,0,0,4,3,1,2,0,0,0,0,0,0,0
2026-04-01,2026,823970,Teoscar Hernández,606192,LAD,119,CLE,114,1,LF,68.0,0.0,hitter,7,0,1,0,0,1,3,3,0,2,0,0,0,0,0,0,0
2026-04-01,2026,823970,Will Smith,669257,LAD,119,CLE,114,1,C,68.0,0.0,hitter,5,0,0,0,0,0,4,4,0,3,0,0,0,0,0,0,0
2026-04-01,2026,824136,Bobby Witt Jr.,677951,KC,118,MIN,142,1,SS,55.0,0.0,hitter,2,0,1,0,1,1,4,3,0,0,1,0,0,0,0,1,0
2026-04-01,2026,824136,Carter Jensen,695600,KC,118,MIN,142,1,DH,55.0,0.0,hitter,5,0,1,0,0,1,5,5,0,3,0,0,0,0,0,0,0
2026-04-01,2026,824136,Isaac Collins,686555,KC,118,MIN,142,1,LF,55.0,0.0,hitter,8,2,1,0,1,2,5,3,1,1,0,1,0,1,0,0,0
2026-04-01,2026,824136,Jac Caglianone,695506,KC,118,MIN,142,1,RF,55.0,0.0,hitter,7,3,3,0,0,4,5,4,0,0,0,1,0,1,0,0,0
2026-04-01,2026,824136,Jonathan India,663697,KC,118,MIN,142,1,2B,55.0,0.0,hitter,6,1,2,1,5,5,5,5,0,1,0,0,0,0,0,0,0
2026-04-01,2026,824136,Kyle Isbel,664728,KC,118,MIN,142,1,CF,55.0,0.0,hitter,9,3,4,1,2,7,4,4,0,0,1,0,0,0,0,0,0
2026-04-01,2026,824136,Maikel Garcia,672580,KC,118,MIN,142,1,3B,55.0,0.0,hitter,1,1,1,0,3,1,4,2,1,0,0,0,0,0,0,1,0
2026-04-01,2026,824136,Nick Loftin,679845,KC,118,MIN,142,1,3B,55.0,0.0,hitter,1,0,0,0,0,0,1,0,1,0,0,0,0,0,0,0,0
2026-04-01,2026,824136,Salvador Perez,521692,KC,118,MIN,142,1,C,55.0,0.0,hitter,4,1,1,0,0,2,5,4,1,1,0,1,0,0,0,0,0
2026-04-01,2026,824136,Tyler Tolbert,686475,KC,118,MIN,142,1,SS,55.0,0.0,hitter,2,0,0,0,0,0,1,1,0,0,0,0,0,0,0,0,0
2026-04-01,2026,824136,Vinnie Pasquantino,686469,KC,118,MIN,142,1,1B,55.0,0.0,hitter,3,2,1,0,1,2,5,4,1,2,0,1,0,0,0,0,0
2026-04-01,2026,824136,Austin Martin,668885,MIN,142,KC,118,0,LF,55.0,0.0,hitter,1,0,1,0,2,1,6,3,2,0,0,0,0,1,0,0,0
2026-04-01,2026,824136,Brooks Lee,686797,MIN,142,KC,118,0,SS,55.0,0.0,hitter,9,1,1,0,1,1,5,4,1,1,0,0,0,0,0,0,0
2026-04-01,2026,824136,Byron Buxton,621439,MIN,142,KC,118,0,CF,55.0,0.0,hitter,2,0,0,0,0,0,4,4,0,2,0,0,0,0,0,0,0
2026-04-01,2026,824136,James Outman,681546,MIN,142,KC,118,0,CF,55.0,0.0,hitter,2,0,0,0,0,0,2,2,0,1,0,0,0,0,0,0,0
2026-04-01,2026,824136,Josh Bell,605137,MIN,142,KC,118,0,DH,55.0,0.0,hitter,6,3,1,1,3,4,5,3,2,1,0,0,0,0,0,0,0
2026-04-01,2026,824136,Luke Keaschall,807712,MIN,142,KC,118,0,2B,55.0,0.0,hitter,3,0,1,0,2,2,5,5,0,1,0,1,0,0,0,0,0
2026-04-01,2026,824136,Matt Wallner,670242,MIN,142,KC,118,0,RF,55.0,0.0,hitter,4,1,1,0,0,1,5,5,0,3,0,0,0,0,0,0,0
2026-04-01,2026,824136,Royce Lewis,668904,MIN,142,KC,118,0,3B,55.0,0.0,hitter,8,2,1,0,0,2,3,3,0,0,0,1,0,0,0,0,0
2026-04-01,2026,824136,Ryan Jeffers,680777,MIN,142,KC,118,0,C,55.0,0.0,hitter,5,2,1,0,0,2,5,3,2,2,0,1,0,0,0,0,0
2026-04-01,2026,824136,Tristan Gray,656484,MIN,142,KC,118,0,3B,55.0,0.0,hitter,8,0,1,0,0,1,2,1,1,0,0,0,0,0,0,0,0
2026-04-01,2026,824136,Victor Caratini,605170,MIN,142,KC,118,0,1B,55.0,0.0,hitter,7,0,1,0,1,1,5,4,1,0,0,0,0,0,0,0,0
2026-04-01,2026,824211,Caleb Durbin,702332,BOS,111,HOU,117,0,3B,73.0,0.0,hitter,6,0,0,0,0,0,4,4,0,2,0,0,0,0,0,0,0
2026-04-01,2026,824211,Ceddanne Rafaela,678882,BOS,111,HOU,117,0,CF,73.0,0.0,hitter,7,0,0,0,0,0,4,3,0,1,0,0,0,1,0,0,0
2026-04-01,2026,824211,Connor Wong,657136,BOS,111,HOU,117,0,C,73.0,0.0,hitter,9,0,2,0,0,3,3,3,0,0,0,1,0,0,0,0,0
2026-04-01,2026,824211,Isiah Kiner-Falefa,643396,BOS,111,HOU,117,0,2B,73.0,0.0,hitter,8,1,0,0,0,0,3,2,1,1,0,0,0,0,0,0,0
2026-04-01,2026,824211,Jarren Duran,680776,BOS,111,HOU,117,0,LF,73.0,0.0,hitter,1,1,1,0,1,1,5,5,0,2,0,0,0,0,0,0,0
2026-04-01,2026,824211,Marcelo Mayer,691785,BOS,111,HOU,117,0,PH,73.0,0.0,hitter,9,0,0,0,0,0,1,1,0,1,0,0,0,0,0,0,0
2026-04-01,2026,824211,Masataka Yoshida,807799,BOS,111,HOU,117,0,DH,73.0,0.0,hitter,3,0,0,0,0,0,4,3,1,1,0,0,0,0,0,0,0
2026-04-01,2026,824211,Roman Anthony,701350,BOS,111,HOU,117,0,PH,73.0,0.0,hitter,8,1,1,1,1,4,1,1,0,0,0,0,0,0,0,0,0
2026-04-01,2026,824211,Trevor Story,596115,BOS,111,HOU,117,0,SS,73.0,0.0,hitter,2,0,0,0,0,0,5,5,0,3,0,0,0,0,0,0,0
2026-04-01,2026,824211,Willson Contreras,575929,BOS,111,HOU,117,0,1B,73.0,0.0,hitter,4,0,1,0,1,1,4,3,1,1,0,0,0,0,0,0,0
2026-04-01,2026,824211,Wilyer Abreu,677800,BOS,111,HOU,117,0,RF,73.0,0.0,hitter,5,1,2,1,1,5,4,4,0,1,0,0,0,0,0,0,0
2026-04-01,2026,824211,Brice Matthews,694728,HOU,117,BOS,111,1,LF,73.0,0.0,hitter,8,0,0,0,0,0,3,3,0,2,0,0,0,0,0,0,0
2026-04-01,2026,824211,Cam Smith,701358,HOU,117,BOS,111,1,RF,73.0,0.0,hitter,6,0,1,0,0,1,4,4,0,2,1,0,0,0,0,0,0
2026-04-01,2026,824211,Carlos Correa,621043,HOU,117,BOS,111,1,SS,73.0,0.0,hitter,4,1,1,1,3,4,4,4,0,0,0,0,0,0,0,0,0
2026-04-01,2026,824211,Christian Vázquez,543877,HOU,117,BOS,111,1,C,73.0,0.0,hitter,9,1,1,1,1,4,4,4,0,1,0,0,0,0,0,0,0
2026-04-01,2026,824211,Christian Walker,572233,HOU,117,BOS,111,1,1B,73.0,0.0,hitter,5,0,1,0,1,1,4,4,0,1,0,0,0,0,0,0,0
2026-04-01,2026,824211,Isaac Paredes,670623,HOU,117,BOS,111,1,3B,73.0,0.0,hitter,3,1,1,0,1,2,4,3,0,1,0,1,0,1,0,0,0
2026-04-01,2026,824211,Jake Meyers,676694,HOU,117,BOS,111,1,CF,73.0,0.0,hitter,7,0,0,0,0,0,4,3,1,1,0,0,0,0,0,0,0
2026-04-01,2026,824211,Joey Loperfido,694388,HOU,117,BOS,111,1,LF,73.0,0.0,hitter,8,0,0,0,0,0,1,0,1,0,0,0,0,0,0,0,0
2026-04-01,2026,824211,Jose Altuve,514888,HOU,117,BOS,111,1,2B,73.0,0.0,hitter,1,1,1,0,0,1,4,4,0,1,0,0,0,0,0,0,0
2026-04-01,2026,824211,Yordan Alvarez,670541,HOU,117,BOS,111,1,DH,73.0,0.0,hitter,2,2,2,0,0,3,4,3,0,0,0,1,0,1,0,0,0
2026-04-01,2026,824536,Dane Myers,667472,CIN,113,PIT,134,1,CF,73.0,0.0,hitter,7,0,1,0,0,1,2,2,0,0,0,0,0,0,0,0,0
2026-04-01,2026,824536,Elly De La Cruz,682829,CIN,113,PIT,134,1,SS,73.0,0.0,hitter,3,1,1,0,0,1,4,4,0,1,0,0,0,0,0,0,0
2026-04-01,2026,824536,Eugenio Suárez,553993,CIN,113,PIT,134,1,DH,73.0,0.0,hitter,5,1,1,1,2,4,2,2,0,1,0,0,0,0,0,0,0
2026-04-01,2026,824536,Ke'Bryan Hayes,663647,CIN,113,PIT,134,1,3B,73.0,0.0,hitter,9,0,0,0,0,0,3,3,0,0,0,0,0,0,0,0,0
2026-04-01,2026,824536,Matt McLain,680574,CIN,113,PIT,134,1,2B,73.0,0.0,hitter,2,0,0,0,0,0,4,4,0,3,0,0,0,0,0,0,0
2026-04-01,2026,824536,Nathaniel Lowe,663993,CIN,113,PIT,134,1,DH,73.0,0.0,hitter,5,0,1,0,1,2,2,2,0,0,0,1,0,0,0,0,0
2026-04-01,2026,824536,Sal Stewart,701398,CIN,113,PIT,134,1,1B,73.0,0.0,hitter,4,1,0,0,0,0,4,3,1,0,0,0,0,0,0,0,0
2026-04-01,2026,824536,Spencer Steer,668715,CIN,113,PIT,134,1,RF,73.0,0.0,hitter,6,0,0,0,0,0,4,4,0,3,0,0,0,0,0,0,0
2026-04-01,2026,824536,TJ Friedl,670770,CIN,113,PIT,134,1,LF,73.0,0.0,hitter,1,0,0,0,0,0,4,2,2,0,0,0,0,0,0,0,0
2026-04-01,2026,824536,Tyler Stephenson,663886,CIN,113,PIT,134,1,C,73.0,0.0,hitter,8,0,1,0,0,1,4,4,0,1,0,0,0,0,0,0,0
2026-04-01,2026,824536,Will Benson,666181,CIN,113,PIT,134,1,RF,73.0,0.0,hitter,7,0,0,0,0,0,2,2,0,0,0,0,0,0,0,0,0
2026-04-01,2026,824536,Bryan Reynolds,668804,PIT,134,CIN,113,0,LF,73.0,0.0,hitter,3,2,2,1,2,5,5,5,0,1,0,0,0,0,0,0,0
2026-04-01,2026,824536,Henry Davis,680779,PIT,134,CIN,113,0,C,73.0,0.0,hitter,9,1,0,0,0,0,4,3,0,1,0,0,0,1,0,0,0
2026-04-01,2026,824536,Jake Mangum,663968,PIT,134,CIN,113,0,RF,73.0,0.0,hitter,1,0,0,0,0,0,5,5,0,2,0,0,0,0,0,0,0
2026-04-01,2026,824536,Jared Triolo,669707,PIT,134,CIN,113,0,SS,73.0,0.0,hitter,7,0,1,0,0,1,4,3,1,1,0,0,0,0,0,0,0
2026-04-01,2026,824536,Marcell Ozuna,542303,PIT,134,CIN,113,0,DH,73.0,0.0,hitter,4,1,0,0,0,0,5,4,1,1,0,0,0,0,0,0,0
2026-04-01,2026,824536,Nick Gonzales,693304,PIT,134,CIN,113,0,2B,73.0,0.0,hitter,2,1,2,0,2,3,5,5,0,1,0,1,0,0,0,0,0
2026-04-01,2026,824536,Nick Yorke,694377,PIT,134,CIN,113,0,3B,73.0,0.0,hitter,6,0,1,0,0,1,4,2,2,0,0,0,0,0,0,0,0
2026-04-01,2026,824536,Oneil Cruz,665833,PIT,134,CIN,113,0,CF,73.0,0.0,hitter,5,2,2,1,3,5,5,5,0,1,0,0,0,0,0,0,0
2026-04-01,2026,824536,Spencer Horwitz,687462,PIT,134,CIN,113,0,1B,73.0,0.0,hitter,8,1,1,0,1,1,4,3,1,2,0,0,0,0,0,0,0
2026-04-01,2026,824698,Bryce Teodosio,669326,LAA,108,CHC,112,0,LF,39.0,0.0,hitter,9,0,0,0,0,0,3,3,0,2,0,0,0,0,0,0,0
2026-04-01,2026,824698,Jeimer Candelario,600869,LAA,108,CHC,112,0,1B,39.0,0.0,hitter,7,0,0,0,0,0,3,3,0,3,0,0,0,0,0,0,0
2026-04-01,2026,824698,Jo Adell,666176,LAA,108,CHC,112,0,RF,39.0,0.0,hitter,3,0,1,0,1,1,4,4,0,0,0,0,0,0,0,0,0
2026-04-01,2026,824698,Jorge Soler,624585,LAA,108,CHC,112,0,DH,39.0,0.0,hitter,4,0,0,0,0,0,4,4,0,2,0,0,0,0,0,0,0
2026-04-01,2026,824698,Mike Trout,545361,LAA,108,CHC,112,0,CF,39.0,0.0,hitter,2,1,0,0,0,0,4,3,1,2,0,0,0,0,0,0,0
2026-04-01,2026,824698,Oswald Peraza,672724,LAA,108,CHC,112,0,2B,39.0,0.0,hitter,6,0,0,0,0,0,4,4,0,3,0,0,0,0,0,0,0
2026-04-01,2026,824698,Travis d'Arnaud,518595,LAA,108,CHC,112,0,C,39.0,0.0,hitter,8,0,0,0,0,0,3,3,0,1,0,0,0,0,0,0,0
2026-04-01,2026,824698,Yoán Moncada,660162,LAA,108,CHC,112,0,3B,39.0,0.0,hitter,5,0,1,0,0,1,4,4,0,2,0,0,0,0,0,0,0
2026-04-01,2026,824698,Zach Neto,687263,LAA,108,CHC,112,0,SS,39.0,0.0,hitter,1,1,2,0,0,2,4,3,1,1,0,0,0,0,0,0,0
2026-04-01,2026,824698,Alex Bregman,608324,CHC,112,LAA,108,1,3B,39.0,0.0,hitter,2,0,1,0,1,1,5,3,2,0,0,0,0,0,0,0,0
2026-04-01,2026,824698,Carson Kelly,608348,CHC,112,LAA,108,1,C,39.0,0.0,hitter,4,2,0,0,0,0,5,4,1,2,0,0,0,0,0,0,0
2026-04-01,2026,824698,Dansby Swanson,621020,CHC,112,LAA,108,1,SS,39.0,0.0,hitter,6,0,0,0,1,0,4,3,0,2,0,0,0,0,0,1,0
2026-04-01,2026,824698,Ian Happ,664023,CHC,112,LAA,108,1,LF,39.0,0.0,hitter,3,1,1,0,0,2,5,5,0,2,0,1,0,0,0,0,0
2026-04-01,2026,824698,Matt Shaw,807713,CHC,112,LAA,108,1,RF,39.0,0.0,hitter,7,0,2,0,2,2,4,4,0,0,0,0,0,0,0,0,0
2026-04-01,2026,824698,Michael Busch,683737,CHC,112,LAA,108,1,1B,39.0,0.0,hitter,5,1,2,0,0,2,4,3,1,1,0,0,0,0,0,0,0
2026-04-01,2026,824698,Miguel Amaya,665804,CHC,112,LAA,108,1,DH,39.0,0.0,hitter,9,1,0,0,0,0,2,1,1,0,0,0,0,0,0,0,0
2026-04-01,2026,824698,Moisés Ballesteros,694208,CHC,112,LAA,108,1,DH,39.0,0.0,hitter,9,0,0,0,0,0,2,2,0,0,0,0,0,0,0,0,0
2026-04-01,2026,824698,Nico Hoerner,663538,CHC,112,LAA,108,1,2B,39.0,0.0,hitter,1,1,3,0,1,5,5,5,0,1,1,2,0,0,0,0,0
2026-04-01,2026,824698,Pete Crow-Armstrong,691718,CHC,112,LAA,108,1,CF,39.0,0.0,hitter,8,0,1,0,1,1,4,4,0,2,0,0,0,0,0,0,0
2026-04-01,2026,824860,Coby Mayo,691723,BAL,110,TEX,140,1,3B,81.0,0.0,hitter,5,1,0,0,0,0,5,4,1,3,0,0,0,0,0,0,0
2026-04-01,2026,824860,Colton Cowser,681297,BAL,110,TEX,140,1,RF,81.0,0.0,hitter,7,1,1,0,0,1,4,2,1,0,0,0,0,0,0,0,1
2026-04-01,2026,824860,Dylan Beavers,687637,BAL,110,TEX,140,1,LF,81.0,0.0,hitter,6,3,3,1,1,6,5,5,0,1,0,0,0,0,0,0,0
2026-04-01,2026,824860,Gunnar Henderson,683002,BAL,110,TEX,140,1,SS,81.0,0.0,hitter,2,0,0,0,0,0,5,4,1,1,0,0,0,0,0,0,0
2026-04-01,2026,824860,Jeremiah Jackson,669236,BAL,110,TEX,140,1,2B,81.0,0.0,hitter,9,0,1,0,2,1,4,3,0,0,0,0,0,0,0,1,0
2026-04-01,2026,824860,Leody Taveras,665750,BAL,110,TEX,140,1,CF,81.0,0.0,hitter,8,1,2,0,2,3,4,2,2,0,0,1,0,0,0,0,0
2026-04-01,2026,824860,Pete Alonso,624413,BAL,110,TEX,140,1,1B,81.0,0.0,hitter,3,1,1,0,0,1,5,4,1,0,0,0,0,0,0,0,0
2026-04-01,2026,824860,Samuel Basallo,694212,BAL,110,TEX,140,1,C,81.0,0.0,hitter,4,1,2,1,1,5,5,5,0,1,0,0,0,0,0,0,0
2026-04-01,2026,824860,Taylor Ward,621493,BAL,110,TEX,140,1,DH,81.0,0.0,hitter,1,0,2,0,2,3,5,4,0,1,0,1,0,0,0,1,0
2026-04-01,2026,824860,Andrew McCutchen,457705,TEX,140,BAL,110,0,RF,81.0,0.0,hitter,5,1,1,0,0,1,4,3,1,1,0,0,0,0,0,0,0
2026-04-01,2026,824860,Brandon Nimmo,607043,TEX,140,BAL,110,0,DH,81.0,0.0,hitter,1,0,1,0,0,2,4,3,1,1,0,1,0,0,0,0,0
2026-04-01,2026,824860,Corey Seager,608369,TEX,140,BAL,110,0,SS,81.0,0.0,hitter,3,1,1,1,1,4,4,4,0,0,0,0,0,0,0,0,0
2026-04-01,2026,824860,Danny Jansen,643376,TEX,140,BAL,110,0,C,81.0,0.0,hitter,6,1,1,0,0,1,4,4,0,0,0,0,0,0,0,0,0
2026-04-01,2026,824860,Evan Carter,694497,TEX,140,BAL,110,0,CF,81.0,0.0,hitter,9,0,0,0,0,0,2,2,0,1,0,0,0,0,0,0,0
2026-04-01,2026,824860,Ezequiel Duran,677649,TEX,140,BAL,110,0,2B,81.0,0.0,hitter,8,0,1,0,1,1,2,2,0,0,0,0,0,0,0,0,0
2026-04-01,2026,824860,Jake Burger,669394,TEX,140,BAL,110,0,1B,81.0,0.0,hitter,4,0,0,0,0,0,4,4,0,1,0,0,0,0,0,0,0
2026-04-01,2026,824860,Josh Jung,673962,TEX,140,BAL,110,0,3B,81.0,0.0,hitter,7,0,2,0,1,2,4,4,0,0,0,0,0,0,0,0,0
2026-04-01,2026,824860,Josh Smith,669701,TEX,140,BAL,110,0,2B,81.0,0.0,hitter,8,0,0,0,0,0,2,2,0,0,0,0,0,0,0,0,0
2026-04-01,2026,824860,Sam Haggerty,664059,TEX,140,BAL,110,0,LF,81.0,0.0,hitter,9,0,1,0,0,1,2,2,0,0,0,0,0,0,0,0,0
2026-04-01,2026,824860,Wyatt Langford,694671,TEX,140,BAL,110,0,LF,81.0,0.0,hitter,2,0,0,0,0,0,4,4,0,1,0,0,0,0,0,0,0
2026-04-01,2026,824940,Andy Ibáñez,628451,ATH,133,ATL,144,0,1B,72.0,0.0,hitter,2,0,0,0,0,0,2,2,0,0,0,0,0,0,0,0,0
2026-04-01,2026,824940,Austin Wynns,642851,ATH,133,ATL,144,0,C,72.0,0.0,hitter,7,0,1,0,0,1,3,3,0,0,0,0,0,0,0,0,0
2026-04-01,2026,824940,Brent Rooker,667670,ATH,133,ATL,144,0,RF,72.0,0.0,hitter,4,0,0,0,0,0,3,3,0,1,0,0,0,0,0,0,0
2026-04-01,2026,824940,Darell Hernaiz,687231,ATH,133,ATL,144,0,2B,72.0,0.0,hitter,8,0,0,0,0,0,3,3,0,0,0,0,0,0,0,0,0
2026-04-01,2026,824940,Denzel Clarke,672016,ATH,133,ATL,144,0,CF,72.0,0.0,hitter,9,0,0,0,0,0,2,2,0,0,0,0,0,0,0,0,0
2026-04-01,2026,824940,Jacob Wilson,805779,ATH,133,ATL,144,0,SS,72.0,0.0,hitter,1,0,1,0,0,2,4,4,0,0,0,1,0,0,0,0,0
2026-04-01,2026,824940,Jeff McNeil,643446,ATH,133,ATL,144,0,1B,72.0,0.0,hitter,2,0,0,0,0,0,2,2,0,2,0,0,0,0,0,0,0
2026-04-01,2026,824940,Lawrence Butler,671732,ATH,133,ATL,144,0,PH,72.0,0.0,hitter,9,0,0,0,0,0,1,1,0,0,0,0,0,0,0,0,0
2026-04-01,2026,824940,Max Muncy,691777,ATH,133,ATL,144,0,3B,72.0,0.0,hitter,5,0,0,0,0,0,3,3,0,2,0,0,0,0,0,0,0
2026-04-01,2026,824940,Shea Langeliers,669127,ATH,133,ATL,144,0,DH,72.0,0.0,hitter,3,1,2,1,1,5,4,4,0,0,0,0,0,0,0,0,0
2026-04-01,2026,824940,Tyler Soderstrom,691016,ATH,133,ATL,144,0,LF,72.0,0.0,hitter,6,0,0,0,0,0,3,3,0,1,0,0,0,0,0,0,0
2026-04-01,2026,824940,Austin Riley,663586,ATL,144,ATH,133,1,3B,72.0,0.0,hitter,4,0,1,0,0,1,4,3,1,1,0,0,0,0,0,0,0
2026-04-01,2026,824940,Dominic Smith,642086,ATL,144,ATH,133,1,DH,72.0,0.0,hitter,8,2,2,0,0,2,4,4,0,2,0,0,0,0,0,0,0
2026-04-01,2026,824940,Drake Baldwin,686948,ATL,144,ATH,133,1,C,72.0,0.0,hitter,2,1,2,0,4,3,4,3,1,0,0,1,0,0,0,0,0
2026-04-01,2026,824940,Matt Olson,621566,ATL,144,ATH,133,1,1B,72.0,0.0,hitter,3,0,1,0,1,1,4,4,0,2,0,0,0,0,0,0,0
2026-04-01,2026,824940,Mauricio Dubón,643289,ATL,144,ATH,133,1,SS,72.0,0.0,hitter,9,1,1,0,0,1,3,3,0,0,0,0,0,0,0,0,0
2026-04-01,2026,824940,Michael Harris II,671739,ATL,144,ATH,133,1,CF,72.0,0.0,hitter,7,0,0,0,0,0,4,4,0,2,0,0,0,0,0,0,0
2026-04-01,2026,824940,Mike Yastrzemski,573262,ATL,144,ATH,133,1,LF,72.0,0.0,hitter,5,0,0,0,0,0,4,4,0,2,0,0,0,0,0,0,0
2026-04-01,2026,824940,Ozzie Albies,645277,ATL,144,ATH,133,1,2B,72.0,0.0,hitter,6,1,0,0,0,0,4,3,1,1,0,0,0,0,0,0,0
2026-04-01,2026,824940,Ronald Acuña Jr.,660670,ATL,144,ATH,133,1,RF,72.0,0.0,hitter,1,0,0,0,0,0,4,2,2,0,0,0,0,0,0,0,0
2026-04-01,2026,825106,Corbin Carroll,682998,AZ,109,DET,116,1,RF,80.0,0.0,hitter,2,1,2,1,1,5,4,3,1,0,0,0,0,0,0,0,0
2026-04-01,2026,825106,Gabriel Moreno,672515,AZ,109,DET,116,1,C,80.0,0.0,hitter,4,0,0,0,0,0,3,3,0,0,0,0,0,0,0,0,0
2026-04-01,2026,825106,Geraldo Perdomo,672695,AZ,109,DET,116,1,SS,80.0,0.0,hitter,3,0,0,0,0,0,4,4,0,0,0,0,0,0,0,0,0
2026-04-01,2026,825106,Ildemaro Vargas,545121,AZ,109,DET,116,1,2B,80.0,0.0,hitter,5,0,1,0,0,1,3,3,0,0,0,0,0,0,0,0,0
2026-04-01,2026,825106,Jordan Lawlar,691783,AZ,109,DET,116,1,CF,80.0,0.0,hitter,9,0,1,0,0,1,3,3,0,1,0,0,0,0,0,0,0
2026-04-01,2026,825106,Jose Fernandez,699912,AZ,109,DET,116,1,1B,80.0,0.0,hitter,7,0,0,0,0,0,3,3,0,0,0,0,0,0,0,0,0
2026-04-01,2026,825106,Ketel Marte,606466,AZ,109,DET,116,1,DH,80.0,0.0,hitter,1,0,0,0,0,0,4,3,1,1,0,0,0,0,0,0,0
2026-04-01,2026,825106,Nolan Arenado,571448,AZ,109,DET,116,1,3B,80.0,0.0,hitter,6,0,1,0,0,1,3,3,0,1,0,0,0,0,0,0,0
2026-04-01,2026,825106,Tim Tawa,694374,AZ,109,DET,116,1,LF,80.0,0.0,hitter,8,0,1,0,0,2,3,3,0,0,0,1,0,0,0,0,0
2026-04-01,2026,825106,Colt Keith,690993,DET,116,AZ,109,0,1B,80.0,0.0,hitter,1,0,1,0,0,2,4,4,0,0,0,1,0,0,0,0,0
2026-04-01,2026,825106,Dillon Dingler,693307,DET,116,AZ,109,0,C,80.0,0.0,hitter,5,0,1,0,0,1,4,4,0,1,0,0,0,0,0,0,0
2026-04-01,2026,825106,Gleyber Torres,650402,DET,116,AZ,109,0,2B,80.0,0.0,hitter,3,0,1,0,0,1,4,4,0,0,0,0,0,0,0,0,0
2026-04-01,2026,825106,Javier Báez,595879,DET,116,AZ,109,0,SS,80.0,0.0,hitter,9,0,0,0,0,0,3,3,0,1,0,0,0,0,0,0,0
2026-04-01,2026,825106,Kerry Carpenter,681481,DET,116,AZ,109,0,RF,80.0,0.0,hitter,6,0,0,0,0,0,3,3,0,1,0,0,0,0,0,0,0
2026-04-01,2026,825106,Kevin McGonigle,805808,DET,116,AZ,109,0,3B,80.0,0.0,hitter,2,0,2,0,0,4,4,4,0,0,0,0,1,0,0,0,0
2026-04-01,2026,825106,Matt Vierling,663837,DET,116,AZ,109,0,LF,80.0,0.0,hitter,7,0,1,0,0,1,3,3,0,0,0,0,0,0,0,0,0
2026-04-01,2026,825106,Parker Meadows,678009,DET,116,AZ,109,0,CF,80.0,0.0,hitter,8,0,0,0,0,0,3,3,0,0,0,0,0,0,0,0,0
2026-04-01,2026,825106,Riley Greene,682985,DET,116,AZ,109,0,DH,80.0,0.0,hitter,4,0,1,0,0,2,4,4,0,2,0,1,0,0,0,0,0
2026-04-02,2026,823242,Bo Bichette,666182,NYM,121,SF,137,0,3B,56.0,0.0,hitter,3,0,1,0,1,2,4,4,0,1,0,1,0,0,0,0,0
2026-04-02,2026,823242,Francisco Alvarez,682626,NYM,121,SF,137,0,C,56.0,0.0,hitter,8,0,1,0,0,1,3,3,0,1,0,0,0,0,0,0,0
2026-04-02,2026,823242,Francisco Lindor,596019,NYM,121,SF,137,0,SS,56.0,0.0,hitter,1,0,0,0,0,0,4,2,2,1,0,0,0,0,0,0,0
2026-04-02,2026,823242,Jorge Polanco,593871,NYM,121,SF,137,0,DH,56.0,0.0,hitter,4,0,0,0,0,0,4,4,0,1,0,0,0,0,0,0,0
2026-04-02,2026,823242,Juan Soto,665742,NYM,121,SF,137,0,LF,56.0,0.0,hitter,2,1,1,0,0,1,4,4,0,1,0,0,0,0,0,0,0
2026-04-02,2026,823242,Luis Robert Jr.,673357,NYM,121,SF,137,0,CF,56.0,0.0,hitter,5,0,0,0,0,0,4,3,1,2,0,0,0,0,0,0,0
2026-04-02,2026,823242,Marcus Semien,543760,NYM,121,SF,137,0,2B,56.0,0.0,hitter,7,0,1,0,0,1,3,3,0,0,0,0,0,0,0,0,0
2026-04-02,2026,823242,Mark Vientos,668901,NYM,121,SF,137,0,1B,56.0,0.0,hitter,6,1,1,1,1,4,4,4,0,2,0,0,0,0,0,0,0
2026-04-02,2026,823242,Tyrone Taylor,621438,NYM,121,SF,137,0,RF,56.0,0.0,hitter,9,0,0,0,0,0,3,3,0,1,0,0,0,0,0,0,0
2026-04-02,2026,823242,Casey Schmitt,669477,SF,137,NYM,121,1,1B,56.0,0.0,hitter,9,0,3,0,1,3,4,3,1,0,0,0,0,0,0,0,0
2026-04-02,2026,823242,Daniel Susac,691740,SF,137,NYM,121,1,C,56.0,0.0,hitter,8,0,3,0,0,3,4,3,1,0,0,0,0,0,0,0,0
2026-04-02,2026,823242,Harrison Bader,664056,SF,137,NYM,121,1,CF,56.0,0.0,hitter,7,0,0,0,1,0,4,3,0,1,0,0,0,0,0,1,0
2026-04-02,2026,823242,Heliot Ramos,671218,SF,137,NYM,121,1,LF,56.0,0.0,hitter,3,2,1,0,0,1,5,5,0,1,0,0,0,0,0,0,0
2026-04-02,2026,823242,Jung Hoo Lee,808982,SF,137,NYM,121,1,RF,56.0,0.0,hitter,6,1,0,0,1,0,4,2,1,0,0,0,0,0,0,1,0
2026-04-02,2026,823242,Luis Arraez,650333,SF,137,NYM,121,1,2B,56.0,0.0,hitter,4,2,2,0,1,4,5,5,0,1,0,0,1,0,0,0,0
2026-04-02,2026,823242,Matt Chapman,656305,SF,137,NYM,121,1,3B,56.0,0.0,hitter,5,1,2,0,1,3,5,5,0,0,0,1,0,0,0,0,0
2026-04-02,2026,823242,Rafael Devers,646240,SF,137,NYM,121,1,DH,56.0,0.0,hitter,2,1,2,1,1,5,5,5,0,1,0,0,0,0,0,0,0
2026-04-02,2026,823242,Willy Adames,642715,SF,137,NYM,121,1,SS,56.0,0.0,hitter,1,0,0,0,0,0,5,4,1,3,0,0,0,0,0,0,0
2026-04-02,2026,824133,Bobby Witt Jr.,677951,KC,118,MIN,142,1,SS,72.0,0.0,hitter,2,0,1,0,0,1,4,4,0,2,0,0,0,0,0,0,0
2026-04-02,2026,824133,Isaac Collins,686555,KC,118,MIN,142,1,LF,72.0,0.0,hitter,7,0,1,0,0,1,4,3,1,1,0,0,0,0,0,0,0
2026-04-02,2026,824133,Jac Caglianone,695506,KC,118,MIN,142,1,DH,72.0,0.0,hitter,5,0,1,0,0,1,4,4,0,1,0,0,0,0,0,0,0
2026-04-02,2026,824133,Jonathan India,663697,KC,118,MIN,142,1,2B,72.0,0.0,hitter,6,0,0,0,0,0,4,4,0,0,0,0,0,0,0,0,0
2026-04-02,2026,824133,Kyle Isbel,664728,KC,118,MIN,142,1,CF,72.0,0.0,hitter,9,0,1,0,0,1,4,4,0,1,0,0,0,0,0,0,0
2026-04-02,2026,824133,Lane Thomas,657041,KC,118,MIN,142,1,RF,72.0,0.0,hitter,8,0,0,0,0,0,4,4,0,1,0,0,0,0,0,0,0
2026-04-02,2026,824133,Maikel Garcia,672580,KC,118,MIN,142,1,3B,72.0,0.0,hitter,1,1,1,0,0,1,4,3,1,0,0,0,0,0,0,0,0
2026-04-02,2026,824133,Salvador Perez,521692,KC,118,MIN,142,1,C,72.0,0.0,hitter,4,0,1,0,0,1,4,4,0,0,0,0,0,0,0,0,0
2026-04-02,2026,824133,Vinnie Pasquantino,686469,KC,118,MIN,142,1,1B,72.0,0.0,hitter,3,0,1,0,1,1,4,3,0,0,0,0,0,0,0,1,0
2026-04-02,2026,824133,Austin Martin,668885,MIN,142,KC,118,0,LF,72.0,0.0,hitter,1,0,0,0,0,0,3,3,0,2,0,0,0,0,0,0,0
2026-04-02,2026,824133,Byron Buxton,621439,MIN,142,KC,118,0,CF,72.0,0.0,hitter,2,0,0,0,1,0,4,3,0,1,0,0,0,0,0,1,0
2026-04-02,2026,824133,Josh Bell,605137,MIN,142,KC,118,0,DH,72.0,0.0,hitter,7,2,1,1,1,4,4,3,1,1,0,0,0,0,0,0,0
2026-04-02,2026,824133,Kody Clemens,665019,MIN,142,KC,118,0,1B,72.0,0.0,hitter,6,2,2,1,1,5,4,3,1,0,1,0,0,0,0,0,0
2026-04-02,2026,824133,Luke Keaschall,807712,MIN,142,KC,118,0,2B,72.0,0.0,hitter,3,0,2,0,0,2,4,4,0,1,0,0,0,0,0,0,0
2026-04-02,2026,824133,Matt Wallner,670242,MIN,142,KC,118,0,RF,72.0,0.0,hitter,4,1,1,1,1,4,4,4,0,1,0,0,0,0,0,0,0
2026-04-02,2026,824133,Royce Lewis,668904,MIN,142,KC,118,0,3B,72.0,0.0,hitter,8,0,1,0,0,2,4,4,0,3,0,1,0,0,0,0,0
2026-04-02,2026,824133,Trevor Larnach,663616,MIN,142,KC,118,0,PH,72.0,0.0,hitter,1,0,0,0,0,0,1,0,1,0,0,0,0,0,1,0,0
2026-04-02,2026,824133,Tristan Gray,656484,MIN,142,KC,118,0,SS,72.0,0.0,hitter,9,0,0,0,0,0,4,4,0,3,0,0,0,0,0,0,0
2026-04-02,2026,824133,Victor Caratini,605170,MIN,142,KC,118,0,C,72.0,0.0,hitter,5,0,1,0,0,1,4,3,0,0,0,0,0,1,0,0,0
2026-04-02,2026,825105,Alek Thomas,677950,AZ,109,ATL,144,1,CF,80.0,0.0,hitter,5,0,0,0,0,0,4,4,0,1,0,0,0,0,0,0,0
2026-04-02,2026,825105,Carlos Santana,467793,AZ,109,ATL,144,1,1B,80.0,0.0,hitter,7,0,0,0,0,0,4,4,0,1,0,0,0,0,0,0,0
2026-04-02,2026,825105,Corbin Carroll,682998,AZ,109,ATL,144,1,DH,80.0,0.0,hitter,2,0,0,0,0,0,3,3,0,2,0,0,0,0,0,0,0
2026-04-02,2026,825105,Gabriel Moreno,672515,AZ,109,ATL,144,1,C,80.0,0.0,hitter,4,1,0,0,0,0,4,3,1,0,0,0,0,0,0,0,0
2026-04-02,2026,825105,Geraldo Perdomo,672695,AZ,109,ATL,144,1,SS,80.0,0.0,hitter,3,0,1,0,0,2,2,1,1,0,0,1,0,0,0,0,0
2026-04-02,2026,825105,Ildemaro Vargas,545121,AZ,109,ATL,144,1,3B,80.0,0.0,hitter,6,0,2,0,1,3,2,2,0,0,0,1,0,0,0,0,0
2026-04-02,2026,825105,James McCann,543510,AZ,109,ATL,144,1,P,80.0,0.0,hitter,2,0,0,0,0,0,1,1,0,0,0,0,0,0,0,0,0
2026-04-02,2026,825105,Jordan Lawlar,691783,AZ,109,ATL,144,1,LF,80.0,0.0,hitter,8,1,1,1,1,4,3,2,0,1,0,0,0,1,0,0,0
2026-04-02,2026,825105,Jorge Barrosa,678489,AZ,109,ATL,144,1,RF,80.0,0.0,hitter,9,0,1,0,0,2,3,3,0,0,0,1,0,0,0,0,0
2026-04-02,2026,825105,Jose Fernandez,699912,AZ,109,ATL,144,1,SS,80.0,0.0,hitter,3,0,0,0,0,0,2,2,0,0,0,0,0,0,0,0,0
2026-04-02,2026,825105,Ketel Marte,606466,AZ,109,ATL,144,1,2B,80.0,0.0,hitter,1,0,0,0,0,0,4,4,0,0,0,0,0,0,0,0,0
2026-04-02,2026,825105,Nolan Arenado,571448,AZ,109,ATL,144,1,3B,80.0,0.0,hitter,6,0,1,0,0,1,2,2,0,0,0,0,0,0,0,0,0
2026-04-02,2026,825105,Tim Tawa,694374,AZ,109,ATL,144,1,LF,80.0,0.0,hitter,8,0,0,0,0,0,1,1,0,0,0,0,0,0,0,0,0
2026-04-02,2026,825105,Austin Riley,663586,ATL,144,AZ,109,0,3B,80.0,0.0,hitter,4,1,1,0,2,2,4,3,1,1,0,1,0,0,0,0,0
2026-04-02,2026,825105,Dominic Smith,642086,ATL,144,AZ,109,0,DH,80.0,0.0,hitter,8,2,1,1,1,4,4,3,1,0,0,0,0,0,0,0,0
2026-04-02,2026,825105,Drake Baldwin,686948,ATL,144,AZ,109,0,C,80.0,0.0,hitter,2,3,1,0,1,1,6,6,0,1,0,0,0,0,0,0,0
2026-04-02,2026,825105,Eli White,642201,ATL,144,AZ,109,0,RF,80.0,0.0,hitter,1,0,0,0,0,0,1,1,0,0,0,0,0,0,0,0,0
2026-04-02,2026,825105,Jorge Mateo,622761,ATL,144,AZ,109,0,DH,80.0,0.0,hitter,8,1,1,1,2,4,1,1,0,0,0,0,0,0,0,0,0
2026-04-02,2026,825105,Kyle Farmer,571657,ATL,144,AZ,109,0,3B,80.0,0.0,hitter,4,0,1,0,1,1,2,1,0,0,0,0,0,0,0,1,0
2026-04-02,2026,825105,Matt Olson,621566,ATL,144,AZ,109,0,1B,80.0,0.0,hitter,3,3,3,1,3,8,6,5,1,1,0,2,0,0,0,0,0
2026-04-02,2026,825105,Mauricio Dubón,643289,ATL,144,AZ,109,0,SS,80.0,0.0,hitter,9,3,2,1,1,5,5,4,1,0,0,0,0,0,0,0,0
2026-04-02,2026,825105,Michael Harris II,671739,ATL,144,AZ,109,0,CF,80.0,0.0,hitter,7,1,2,0,2,3,6,6,0,0,0,1,0,0,0,0,0
2026-04-02,2026,825105,Mike Yastrzemski,573262,ATL,144,AZ,109,0,LF,80.0,0.0,hitter,5,1,1,0,2,2,6,4,2,0,0,1,0,0,0,0,0
2026-04-02,2026,825105,Ozzie Albies,645277,ATL,144,AZ,109,0,2B,80.0,0.0,hitter,6,2,2,0,1,2,6,5,1,2,0,0,0,0,0,0,0
2026-04-02,2026,825105,Ronald Acuña Jr.,660670,ATL,144,AZ,109,0,RF,80.0,0.0,hitter,1,0,1,0,1,1,5,4,1,1,0,0,0,0,0,0,0
2026-04-03,2026,822758,Alex Call,669743,LAD,119,WSH,120,0,LF,62.0,0.0,hitter,7,1,0,0,0,0,1,0,1,0,0,0,0,0,0,0,0
2026-04-03,2026,822758,Alex Freeland,690976,LAD,119,WSH,120,0,2B,62.0,0.0,hitter,9,0,0,0,0,0,5,3,2,2,0,0,0,0,0,0,0
2026-04-03,2026,822758,Andy Pages,681624,LAD,119,WSH,120,0,CF,62.0,0.0,hitter,8,2,3,1,2,6,5,4,1,1,0,0,0,0,0,0,0
2026-04-03,2026,822758,Freddie Freeman,518692,LAD,119,WSH,120,0,1B,62.0,0.0,hitter,4,1,1,1,2,4,5,4,0,0,0,0,0,1,0,0,0
2026-04-03,2026,822758,Kyle Tucker,663656,LAD,119,WSH,120,0,RF,62.0,0.0,hitter,2,2,3,1,2,6,6,6,0,0,0,0,0,0,0,0,0
2026-04-03,2026,822758,Max Muncy,571970,LAD,119,WSH,120,0,3B,62.0,0.0,hitter,6,1,1,0,0,1,5,5,0,2,0,0,0,0,0,0,0
2026-04-03,2026,822758,Mookie Betts,605141,LAD,119,WSH,120,0,SS,62.0,0.0,hitter,3,2,2,1,2,5,6,6,0,0,0,0,0,0,0,0,0
2026-04-03,2026,822758,Shohei Ohtani,660271,LAD,119,WSH,120,0,DH,62.0,0.0,hitter,1,1,2,1,4,5,6,5,0,2,0,0,0,0,0,1,0
2026-04-03,2026,822758,Teoscar Hernández,606192,LAD,119,WSH,120,0,LF,62.0,0.0,hitter,7,3,3,0,1,4,4,4,0,1,0,1,0,0,0,0,0
2026-04-03,2026,822758,Will Smith,669257,LAD,119,WSH,120,0,C,62.0,0.0,hitter,5,0,1,0,0,1,5,4,1,0,0,0,0,0,0,0,0
2026-04-03,2026,822758,Brady House,691781,WSH,120,LAD,119,1,DH,62.0,0.0,hitter,4,1,1,0,0,1,5,3,2,1,0,0,0,0,0,0,0
2026-04-03,2026,822758,CJ Abrams,682928,WSH,120,LAD,119,1,SS,62.0,0.0,hitter,5,1,2,1,4,5,5,5,0,1,0,0,0,0,0,0,0
2026-04-03,2026,822758,Daylen Lile,695734,WSH,120,LAD,119,1,LF,62.0,0.0,hitter,3,1,1,0,0,1,5,5,0,0,0,0,0,0,0,0,0
2026-04-03,2026,822758,Jacob Young,696285,WSH,120,LAD,119,1,CF,62.0,0.0,hitter,9,0,1,0,1,1,4,3,1,0,0,0,0,0,0,0,0
2026-04-03,2026,822758,James Wood,695578,WSH,120,LAD,119,1,RF,62.0,0.0,hitter,1,1,1,0,0,2,5,4,1,2,0,1,0,0,0,0,0
2026-04-03,2026,822758,Jorbit Vivas,678391,WSH,120,LAD,119,1,3B,62.0,0.0,hitter,7,1,1,0,0,1,4,3,1,0,0,0,0,0,0,0,0
2026-04-03,2026,822758,Keibert Ruiz,660688,WSH,120,LAD,119,1,C,62.0,0.0,hitter,8,0,1,0,1,2,4,4,0,0,0,1,0,0,0,0,0
2026-04-03,2026,822758,Luis García Jr.,671277,WSH,120,LAD,119,1,1B,62.0,0.0,hitter,2,0,2,0,0,3,5,5,0,1,0,1,0,0,0,0,0
2026-04-03,2026,822758,Nasim Nuñez,683083,WSH,120,LAD,119,1,2B,62.0,0.0,hitter,6,1,1,0,0,1,5,5,0,0,0,0,0,0,0,0,0
2026-04-03,2026,822919,Dane Myers,667472,CIN,113,TEX,140,0,CF,74.0,0.0,hitter,2,0,0,0,0,0,4,4,0,2,0,0,0,0,0,0,0
2026-04-03,2026,822919,Elly De La Cruz,682829,CIN,113,TEX,140,0,SS,74.0,0.0,hitter,3,1,1,1,1,4,4,4,0,2,0,0,0,0,0,0,0
2026-04-03,2026,822919,Eugenio Suárez,553993,CIN,113,TEX,140,0,DH,74.0,0.0,hitter,5,1,2,0,0,2,4,4,0,1,0,0,0,0,0,0,0
2026-04-03,2026,822919,Ke'Bryan Hayes,663647,CIN,113,TEX,140,0,3B,74.0,0.0,hitter,9,0,1,0,0,1,4,4,0,1,0,0,0,0,0,0,0
2026-04-03,2026,822919,Matt McLain,680574,CIN,113,TEX,140,0,2B,74.0,0.0,hitter,1,0,2,0,0,2,5,5,0,0,0,0,0,0,0,0,0
2026-04-03,2026,822919,Noelvi Marte,682622,CIN,113,TEX,140,0,RF,74.0,0.0,hitter,8,0,0,0,0,0,2,2,0,1,0,0,0,0,0,0,0
2026-04-03,2026,822919,Sal Stewart,701398,CIN,113,TEX,140,0,1B,74.0,0.0,hitter,4,0,0,0,0,0,4,4,0,1,0,0,0,0,0,0,0
2026-04-03,2026,822919,Spencer Steer,668715,CIN,113,TEX,140,0,LF,74.0,0.0,hitter,6,2,2,1,2,6,4,4,0,1,0,1,0,0,0,0,0
2026-04-03,2026,822919,Tyler Stephenson,663886,CIN,113,TEX,140,0,C,74.0,0.0,hitter,7,1,2,1,2,5,4,4,0,1,0,0,0,0,0,0,0
2026-04-03,2026,822919,Will Benson,666181,CIN,113,TEX,140,0,RF,74.0,0.0,hitter,8,0,0,0,0,0,2,2,0,1,0,0,0,0,0,0,0
2026-04-03,2026,822919,Andrew McCutchen,457705,TEX,140,CIN,113,1,DH,74.0,0.0,hitter,5,0,0,0,0,0,2,2,0,0,0,0,0,0,0,0,0
2026-04-03,2026,822919,Brandon Nimmo,607043,TEX,140,CIN,113,1,RF,74.0,0.0,hitter,1,1,2,0,0,4,5,4,1,2,0,0,1,0,0,0,0
2026-04-03,2026,822919,Corey Seager,608369,TEX,140,CIN,113,1,SS,74.0,0.0,hitter,3,0,0,0,0,0,4,4,0,3,0,0,0,0,0,0,0
2026-04-03,2026,822919,Danny Jansen,643376,TEX,140,CIN,113,1,C,74.0,0.0,hitter,9,0,1,0,2,2,4,4,0,1,0,1,0,0,0,0,0
2026-04-03,2026,822919,Evan Carter,694497,TEX,140,CIN,113,1,CF,74.0,0.0,hitter,8,1,1,0,0,2,4,4,0,2,0,1,0,0,0,0,0
2026-04-03,2026,822919,Jake Burger,669394,TEX,140,CIN,113,1,1B,74.0,0.0,hitter,4,0,1,0,0,2,4,4,0,1,0,1,0,0,0,0,0
2026-04-03,2026,822919,Joc Pederson,592626,TEX,140,CIN,113,1,DH,74.0,0.0,hitter,5,0,0,0,0,0,2,2,0,0,0,0,0,0,0,0,0
2026-04-03,2026,822919,Josh Jung,673962,TEX,140,CIN,113,1,3B,74.0,0.0,hitter,7,1,1,0,0,1,4,3,1,0,0,0,0,0,0,0,0
2026-04-03,2026,822919,Josh Smith,669701,TEX,140,CIN,113,1,2B,74.0,0.0,hitter,6,0,0,0,0,0,4,4,0,0,0,0,0,0,0,0,0
2026-04-03,2026,822919,Wyatt Langford,694671,TEX,140,CIN,113,1,LF,74.0,0.0,hitter,2,0,2,0,1,5,4,4,0,0,0,1,1,0,0,0,0
2026-04-03,2026,823240,Bo Bichette,666182,NYM,121,SF,137,0,3B,59.0,0.0,hitter,3,2,3,0,1,4,5,5,0,1,0,1,0,0,0,0,0
2026-04-03,2026,823240,Brett Baty,683146,NYM,121,SF,137,0,1B,59.0,0.0,hitter,5,1,1,0,1,2,5,5,0,3,0,1,0,0,0,0,0
2026-04-03,2026,823240,Carson Benge,701807,NYM,121,SF,137,0,RF,59.0,0.0,hitter,8,0,0,0,1,0,5,4,1,1,1,0,0,0,0,0,0
2026-04-03,2026,823240,Francisco Alvarez,682626,NYM,121,SF,137,0,C,59.0,0.0,hitter,9,2,2,2,2,8,5,5,0,1,0,0,0,0,0,0,0
2026-04-03,2026,823240,Francisco Lindor,596019,NYM,121,SF,137,0,SS,59.0,0.0,hitter,1,2,2,0,0,2,5,4,1,1,1,0,0,0,0,0,0
2026-04-03,2026,823240,Juan Soto,665742,NYM,121,SF,137,0,LF,59.0,0.0,hitter,2,0,1,0,0,1,1,1,0,0,0,0,0,0,0,0,0
2026-04-03,2026,823240,Luis Robert Jr.,673357,NYM,121,SF,137,0,CF,59.0,0.0,hitter,4,1,1,0,1,1,5,3,2,0,0,0,0,0,0,0,0
2026-04-03,2026,823240,Marcus Semien,543760,NYM,121,SF,137,0,2B,59.0,0.0,hitter,7,1,3,1,3,6,5,5,0,1,0,0,0,0,0,0,0
2026-04-03,2026,823240,Mark Vientos,668901,NYM,121,SF,137,0,DH,59.0,0.0,hitter,6,1,2,0,1,2,5,3,2,1,0,0,0,0,0,0,0
2026-04-03,2026,823240,Tyrone Taylor,621438,NYM,121,SF,137,0,LF,59.0,0.0,hitter,2,0,0,0,0,0,4,4,0,1,0,0,0,0,0,0,0
2026-04-03,2026,823240,Harrison Bader,664056,SF,137,NYM,121,1,CF,59.0,0.0,hitter,7,1,0,0,0,0,4,3,1,1,0,0,0,0,0,0,0
2026-04-03,2026,823240,Heliot Ramos,671218,SF,137,NYM,121,1,LF,59.0,0.0,hitter,6,0,2,0,0,2,4,4,0,1,0,0,0,0,0,0,0
2026-04-03,2026,823240,Jerar Encarnacion,666464,SF,137,NYM,121,1,1B,59.0,0.0,hitter,9,1,1,0,0,2,3,3,0,1,0,1,0,0,0,0,0
2026-04-03,2026,823240,Jung Hoo Lee,808982,SF,137,NYM,121,1,RF,59.0,0.0,hitter,5,0,0,0,0,0,4,4,0,0,0,0,0,0,0,0,0
2026-04-03,2026,823240,Luis Arraez,650333,SF,137,NYM,121,1,2B,59.0,0.0,hitter,3,0,1,0,1,1,4,4,0,0,0,0,0,0,0,0,0
2026-04-03,2026,823240,Matt Chapman,656305,SF,137,NYM,121,1,3B,59.0,0.0,hitter,4,0,0,0,0,0,4,4,0,1,0,0,0,0,0,0,0
2026-04-03,2026,823240,Patrick Bailey,672275,SF,137,NYM,121,1,C,59.0,0.0,hitter,8,1,0,0,0,0,4,3,1,0,0,0,0,0,0,0,0
2026-04-03,2026,823240,Rafael Devers,646240,SF,137,NYM,121,1,DH,59.0,0.0,hitter,2,0,0,0,0,0,4,4,0,3,0,0,0,0,0,0,0
2026-04-03,2026,823240,Willy Adames,642715,SF,137,NYM,121,1,SS,59.0,0.0,hitter,1,0,1,0,1,2,4,3,1,1,0,1,0,0,0,0,0
2026-04-03,2026,823406,Adley Rutschman,668939,BAL,110,PIT,134,0,C,75.0,0.0,hitter,4,0,1,0,1,2,4,3,1,0,0,1,0,0,0,0,0
2026-04-03,2026,823406,Blaze Alexander,677942,BAL,110,PIT,134,0,2B,75.0,0.0,hitter,9,2,2,0,0,2,4,4,0,1,0,0,0,0,0,0,0
2026-04-03,2026,823406,Colton Cowser,681297,BAL,110,PIT,134,0,CF,75.0,0.0,hitter,8,0,0,0,0,0,4,3,1,1,0,0,0,0,0,0,0
2026-04-03,2026,823406,Dylan Beavers,687637,BAL,110,PIT,134,0,RF,75.0,0.0,hitter,6,0,2,0,0,2,4,4,0,0,0,0,0,0,0,0,0
2026-04-03,2026,823406,Gunnar Henderson,683002,BAL,110,PIT,134,0,SS,75.0,0.0,hitter,2,2,3,1,2,7,5,5,0,0,0,1,0,0,0,0,0
2026-04-03,2026,823406,Jeremiah Jackson,669236,BAL,110,PIT,134,0,2B,75.0,0.0,hitter,7,0,0,0,0,0,3,3,0,0,0,0,0,0,0,0,0
2026-04-03,2026,823406,Leody Taveras,665750,BAL,110,PIT,134,0,PH,75.0,0.0,hitter,7,0,0,0,0,0,1,1,0,1,0,0,0,0,0,0,0
2026-04-03,2026,823406,Pete Alonso,624413,BAL,110,PIT,134,0,1B,75.0,0.0,hitter,3,0,0,0,0,0,5,4,1,3,0,0,0,0,0,0,0
2026-04-03,2026,823406,Samuel Basallo,694212,BAL,110,PIT,134,0,DH,75.0,0.0,hitter,5,0,0,0,0,0,4,4,0,1,0,0,0,0,0,0,0
2026-04-03,2026,823406,Taylor Ward,621493,BAL,110,PIT,134,0,LF,75.0,0.0,hitter,1,0,1,0,1,2,5,3,2,2,0,1,0,0,0,0,0
2026-04-03,2026,823406,Brandon Lowe,664040,PIT,134,BAL,110,1,2B,75.0,0.0,hitter,2,0,1,0,0,2,4,3,1,2,0,1,0,0,0,0,0
2026-04-03,2026,823406,Bryan Reynolds,668804,PIT,134,BAL,110,1,LF,75.0,0.0,hitter,3,1,0,0,0,0,4,3,1,1,0,0,0,0,0,0,0
2026-04-03,2026,823406,Henry Davis,680779,PIT,134,BAL,110,1,C,75.0,0.0,hitter,9,1,1,0,1,2,3,3,0,0,0,1,0,0,0,0,0
2026-04-03,2026,823406,Jared Triolo,669707,PIT,134,BAL,110,1,3B,75.0,0.0,hitter,8,1,2,0,1,2,3,3,0,1,0,0,0,0,0,0,0
2026-04-03,2026,823406,Konnor Griffin,804606,PIT,134,BAL,110,1,SS,75.0,0.0,hitter,7,1,1,0,1,2,4,3,1,1,0,1,0,0,0,0,0
2026-04-03,2026,823406,Marcell Ozuna,542303,PIT,134,BAL,110,1,DH,75.0,0.0,hitter,4,0,0,0,0,0,4,3,1,2,0,0,0,0,0,0,0
2026-04-03,2026,823406,Oneil Cruz,665833,PIT,134,BAL,110,1,CF,75.0,0.0,hitter,1,0,1,0,1,1,4,4,0,1,0,0,0,0,0,0,0
2026-04-03,2026,823406,Ryan O'Hearn,656811,PIT,134,BAL,110,1,RF,75.0,0.0,hitter,5,1,0,0,1,0,4,2,1,1,0,0,0,0,0,1,0
2026-04-03,2026,823406,Spencer Horwitz,687462,PIT,134,BAL,110,1,1B,75.0,0.0,hitter,6,0,0,0,0,0,4,3,1,1,0,0,0,0,0,0,0
2026-04-03,2026,823568,Agustín Ramírez,682663,MIA,146,NYY,147,0,DH,58.0,0.0,hitter,3,0,1,0,0,1,4,3,0,1,0,0,0,1,0,0,0
2026-04-03,2026,823568,Austin Slater,596103,MIA,146,NYY,147,0,PH,58.0,0.0,hitter,8,0,0,0,0,0,1,1,0,0,0,0,0,0,0,0,0
2026-04-03,2026,823568,Connor Norby,681393,MIA,146,NYY,147,0,1B,58.0,0.0,hitter,7,0,0,0,0,0,3,3,0,2,0,0,0,0,0,0,0
2026-04-03,2026,823568,Graham Pauley,688363,MIA,146,NYY,147,0,3B,58.0,0.0,hitter,9,0,0,0,0,0,2,2,0,0,0,0,0,0,0,0,0
2026-04-03,2026,823568,Griffin Conine,665052,MIA,146,NYY,147,0,LF,58.0,0.0,hitter,8,0,0,0,0,0,2,2,0,1,0,0,0,0,0,0,0
2026-04-03,2026,823568,Heriberto Hernández,681715,MIA,146,NYY,147,0,LF,58.0,0.0,hitter,9,0,0,0,0,0,1,1,0,1,0,0,0,0,0,0,0
2026-04-03,2026,823568,Jakob Marsee,805300,MIA,146,NYY,147,0,CF,58.0,0.0,hitter,1,0,0,0,0,0,4,4,0,2,0,0,0,0,0,0,0
2026-04-03,2026,823568,Liam Hicks,689414,MIA,146,NYY,147,0,C,58.0,0.0,hitter,4,0,0,0,0,0,4,4,0,0,0,0,0,0,0,0,0
2026-04-03,2026,823568,Otto Lopez,672640,MIA,146,NYY,147,0,SS,58.0,0.0,hitter,5,0,0,0,0,0,3,3,0,2,0,0,0,0,0,0,0
2026-04-03,2026,823568,Owen Caissie,683357,MIA,146,NYY,147,0,RF,58.0,0.0,hitter,6,1,1,1,1,4,3,3,0,1,0,0,0,0,0,0,0
2026-04-03,2026,823568,Xavier Edwards,669364,MIA,146,NYY,147,0,2B,58.0,0.0,hitter,2,1,2,1,1,5,4,4,0,0,0,0,0,0,0,0,0
2026-04-03,2026,823568,Aaron Judge,592450,NYY,147,MIA,146,1,RF,58.0,0.0,hitter,2,2,2,1,3,5,5,3,1,1,1,0,0,1,0,0,0
2026-04-03,2026,823568,Austin Wells,669224,NYY,147,MIA,146,1,C,58.0,0.0,hitter,7,1,0,0,0,0,4,2,2,1,0,0,0,0,0,0,0
2026-04-03,2026,823568,Ben Rice,700250,NYY,147,MIA,146,1,1B,58.0,0.0,hitter,4,1,2,1,3,6,5,5,0,3,0,1,0,0,0,0,0
2026-04-03,2026,823568,Cody Bellinger,641355,NYY,147,MIA,146,1,LF,58.0,0.0,hitter,3,1,1,0,0,2,5,4,1,0,0,1,0,0,0,0,0
2026-04-03,2026,823568,Giancarlo Stanton,519317,NYY,147,MIA,146,1,DH,58.0,0.0,hitter,5,0,0,0,0,0,5,5,0,1,0,0,0,0,0,0,0
2026-04-03,2026,823568,Jazz Chisholm Jr.,665862,NYY,147,MIA,146,1,2B,58.0,0.0,hitter,6,1,1,0,0,2,4,3,1,1,2,1,0,0,0,0,0
2026-04-03,2026,823568,José Caballero,676609,NYY,147,MIA,146,1,SS,58.0,0.0,hitter,8,1,0,0,0,0,4,3,1,1,2,0,0,0,0,0,0
2026-04-03,2026,823568,Ryan McMahon,641857,NYY,147,MIA,146,1,3B,58.0,0.0,hitter,9,0,0,0,0,0,4,2,2,1,0,0,0,0,0,0,0
2026-04-03,2026,823568,Trent Grisham,663757,NYY,147,MIA,146,1,CF,58.0,0.0,hitter,1,1,0,0,1,0,5,2,3,1,0,0,0,0,0,0,0
2026-04-03,2026,823732,Ben Williamson,810938,TB,139,MIN,142,0,2B,38.0,0.0,hitter,7,0,2,0,1,3,4,4,0,0,0,1,0,0,0,0,0
2026-04-03,2026,823732,Carson Williams,700246,TB,139,MIN,142,0,SS,38.0,0.0,hitter,9,0,0,0,0,0,4,4,0,3,0,0,0,0,0,0,0
2026-04-03,2026,823732,Cedric Mullins,656775,TB,139,MIN,142,0,CF,38.0,0.0,hitter,6,0,1,0,1,1,4,4,0,1,0,0,0,0,0,0,0
2026-04-03,2026,823732,Chandler Simpson,802415,TB,139,MIN,142,0,LF,38.0,0.0,hitter,8,0,0,0,0,0,4,3,1,0,0,0,0,0,0,0,0
2026-04-03,2026,823732,Jake Fraley,641584,TB,139,MIN,142,0,RF,38.0,0.0,hitter,4,1,1,0,0,2,3,3,0,0,0,1,0,0,0,0,0
2026-04-03,2026,823732,Jonathan Aranda,666018,TB,139,MIN,142,0,1B,38.0,0.0,hitter,2,0,0,0,0,0,5,5,0,1,0,0,0,0,0,0,0
2026-04-03,2026,823732,Jonny DeLuca,676356,TB,139,MIN,142,0,RF,38.0,0.0,hitter,4,0,0,0,0,0,1,1,0,0,0,0,0,0,0,0,0
2026-04-03,2026,823732,Junior Caminero,691406,TB,139,MIN,142,0,3B,38.0,0.0,hitter,3,1,2,0,0,3,5,5,0,0,0,1,0,0,0,0,0
2026-04-03,2026,823732,Nick Fortes,663743,TB,139,MIN,142,0,C,38.0,0.0,hitter,5,1,1,0,2,2,4,3,0,1,0,1,0,1,0,0,0
2026-04-03,2026,823732,Ryan Vilade,668723,TB,139,MIN,142,0,PH,38.0,0.0,hitter,1,0,0,0,0,0,1,1,0,1,0,0,0,0,0,0,0
2026-04-03,2026,823732,Yandy Díaz,650490,TB,139,MIN,142,0,DH,38.0,0.0,hitter,1,1,1,0,0,1,4,2,2,0,0,0,0,0,0,0,0
2026-04-03,2026,823732,Byron Buxton,621439,MIN,142,TB,139,1,CF,38.0,0.0,hitter,2,0,0,0,0,0,4,3,0,1,0,0,0,1,0,0,0
2026-04-03,2026,823732,James Outman,681546,MIN,142,TB,139,1,CF,38.0,0.0,hitter,2,1,0,0,0,0,1,1,0,0,1,0,0,0,0,0,0
2026-04-03,2026,823732,Josh Bell,605137,MIN,142,TB,139,1,DH,38.0,0.0,hitter,5,2,2,0,2,3,5,5,0,2,0,1,0,0,0,0,0
2026-04-03,2026,823732,Kody Clemens,665019,MIN,142,TB,139,1,1B,38.0,0.0,hitter,1,0,0,0,0,0,5,4,1,3,0,0,0,0,0,0,0
2026-04-03,2026,823732,Luke Keaschall,807712,MIN,142,TB,139,1,2B,38.0,0.0,hitter,3,2,1,0,0,1,5,5,0,0,1,0,0,0,0,0,0
2026-04-03,2026,823732,Matt Wallner,670242,MIN,142,TB,139,1,RF,38.0,0.0,hitter,4,0,0,0,0,0,5,5,0,5,0,0,0,0,0,0,0
2026-04-03,2026,823732,Royce Lewis,668904,MIN,142,TB,139,1,3B,38.0,0.0,hitter,8,1,0,0,2,0,4,2,2,0,0,0,0,0,0,0,0
2026-04-03,2026,823732,Ryan Jeffers,680777,MIN,142,TB,139,1,C,38.0,0.0,hitter,6,2,2,0,0,2,4,3,0,1,0,0,0,0,0,0,0
2026-04-03,2026,823732,Trevor Larnach,663616,MIN,142,TB,139,1,LF,38.0,0.0,hitter,7,0,1,0,1,2,4,2,2,0,0,1,0,0,0,0,0
2026-04-03,2026,823732,Tristan Gray,656484,MIN,142,TB,139,1,SS,38.0,0.0,hitter,9,1,1,1,5,4,4,2,1,0,0,0,0,0,0,1,0
2026-04-03,2026,824056,Jo Adell,666176,LAA,108,SEA,136,1,RF,77.0,0.0,hitter,6,0,0,0,0,0,3,3,0,2,0,0,0,0,0,0,0
2026-04-03,2026,824056,Jorge Soler,624585,LAA,108,SEA,136,1,DH,77.0,0.0,hitter,4,0,0,0,1,0,4,3,0,1,0,0,0,0,0,1,0
2026-04-03,2026,824056,Josh Lowe,666139,LAA,108,SEA,136,1,LF,77.0,0.0,hitter,7,0,0,0,0,0,3,3,0,2,0,0,0,0,0,0,0
2026-04-03,2026,824056,Logan O'Hoppe,681351,LAA,108,SEA,136,1,C,77.0,0.0,hitter,8,0,0,0,0,0,3,3,0,0,0,0,0,0,0,0,0
2026-04-03,2026,824056,Mike Trout,545361,LAA,108,SEA,136,1,CF,77.0,0.0,hitter,2,1,0,0,0,0,4,2,1,1,0,0,0,1,0,0,0
2026-04-03,2026,824056,Nolan Schanuel,694384,LAA,108,SEA,136,1,1B,77.0,0.0,hitter,3,0,0,0,0,0,4,4,0,1,0,0,0,0,0,0,0
2026-04-03,2026,824056,Oswald Peraza,672724,LAA,108,SEA,136,1,2B,77.0,0.0,hitter,9,0,1,0,0,1,3,3,0,1,0,0,0,0,0,0,0
2026-04-03,2026,824056,Yoán Moncada,660162,LAA,108,SEA,136,1,3B,77.0,0.0,hitter,5,0,0,0,0,0,4,4,0,3,0,0,0,0,0,0,0
2026-04-03,2026,824056,Zach Neto,687263,LAA,108,SEA,136,1,SS,77.0,0.0,hitter,1,0,0,0,0,0,4,4,0,1,0,0,0,0,0,0,0
2026-04-03,2026,824056,Brendan Donovan,680977,SEA,136,LAA,108,0,3B,77.0,0.0,hitter,6,0,0,0,0,0,3,3,0,0,0,0,0,0,0,0,0
2026-04-03,2026,824056,Cal Raleigh,663728,SEA,136,LAA,108,0,C,77.0,0.0,hitter,2,0,0,0,0,0,5,4,1,1,0,0,0,0,0,0,0
2026-04-03,2026,824056,Cole Young,702284,SEA,136,LAA,108,0,2B,77.0,0.0,hitter,9,1,1,0,1,3,4,4,0,2,0,0,1,0,0,0,0
2026-04-03,2026,824056,J.P. Crawford,641487,SEA,136,LAA,108,0,SS,77.0,0.0,hitter,7,0,0,0,0,0,4,3,1,2,0,0,0,0,0,0,0
2026-04-03,2026,824056,Josh Naylor,647304,SEA,136,LAA,108,0,1B,77.0,0.0,hitter,4,0,2,0,2,2,5,5,0,0,0,0,0,0,0,0,0
2026-04-03,2026,824056,Julio Rodríguez,677594,SEA,136,LAA,108,0,CF,77.0,0.0,hitter,3,1,1,0,0,1,5,4,1,1,0,0,0,0,1,0,0
2026-04-03,2026,824056,Leo Rivas,660844,SEA,136,LAA,108,0,3B,77.0,0.0,hitter,6,0,0,0,0,0,2,2,0,1,0,0,0,0,0,0,0
2026-04-03,2026,824056,Luke Raley,670042,SEA,136,LAA,108,0,RF,77.0,0.0,hitter,8,1,0,0,0,0,1,1,0,0,0,0,0,0,0,0,0
2026-04-03,2026,824056,Randy Arozarena,668227,SEA,136,LAA,108,0,LF,77.0,0.0,hitter,5,0,2,0,0,2,5,4,1,0,0,0,0,0,0,0,0
2026-04-03,2026,824056,Rob Refsnyder,608701,SEA,136,LAA,108,0,DH,77.0,0.0,hitter,1,0,0,0,0,0,5,3,2,0,0,0,0,0,0,0,0
2026-04-03,2026,824056,Victor Robles,645302,SEA,136,LAA,108,0,RF,77.0,0.0,hitter,8,0,1,0,0,1,3,3,0,0,0,0,0,0,0,0,0
2026-04-03,2026,824299,Dillon Dingler,693307,DET,116,STL,138,1,C,73.0,0.0,hitter,5,1,1,1,2,4,4,4,0,1,0,0,0,0,0,0,0
2026-04-03,2026,824299,Gleyber Torres,650402,DET,116,STL,138,1,DH,73.0,0.0,hitter,2,1,1,0,0,1,4,3,1,0,0,0,0,0,0,0,0
2026-04-03,2026,824299,Javier Báez,595879,DET,116,STL,138,1,SS,73.0,0.0,hitter,9,0,2,0,1,2,3,3,0,0,1,0,0,0,0,0,0
2026-04-03,2026,824299,Kerry Carpenter,681481,DET,116,STL,138,1,RF,73.0,0.0,hitter,3,0,2,0,0,2,4,3,1,1,0,0,0,0,0,0,0
2026-04-03,2026,824299,Kevin McGonigle,805808,DET,116,STL,138,1,3B,73.0,0.0,hitter,1,0,1,0,0,2,4,4,0,0,0,1,0,0,0,0,0
2026-04-03,2026,824299,Parker Meadows,678009,DET,116,STL,138,1,CF,73.0,0.0,hitter,8,1,0,0,0,0,4,3,0,1,1,0,0,1,0,0,0
2026-04-03,2026,824299,Riley Greene,682985,DET,116,STL,138,1,LF,73.0,0.0,hitter,4,1,2,0,1,3,4,4,0,0,0,1,0,0,0,0,0
2026-04-03,2026,824299,Spencer Torkelson,679529,DET,116,STL,138,1,1B,73.0,0.0,hitter,7,0,0,0,0,0,4,4,0,2,0,0,0,0,0,0,0
2026-04-03,2026,824299,Zach McKinstry,656716,DET,116,STL,138,1,2B,73.0,0.0,hitter,6,0,1,0,0,1,4,4,0,0,0,0,0,0,0,0,0
2026-04-03,2026,824299,Alec Burleson,676475,STL,138,DET,116,0,1B,73.0,0.0,hitter,3,0,1,0,0,1,4,3,1,0,0,0,0,0,0,0,0
2026-04-03,2026,824299,Iván Herrera,671056,STL,138,DET,116,0,C,73.0,0.0,hitter,2,0,1,0,0,1,4,3,1,1,0,0,0,0,0,0,0
2026-04-03,2026,824299,JJ Wetherholt,802139,STL,138,DET,116,0,2B,73.0,0.0,hitter,8,0,0,0,0,0,2,2,0,1,0,0,0,0,0,0,0
2026-04-03,2026,824299,Jordan Walker,691023,STL,138,DET,116,0,RF,73.0,0.0,hitter,5,0,0,0,0,0,4,4,0,1,0,0,0,0,0,0,0
2026-04-03,2026,824299,José Fermín,665877,STL,138,DET,116,0,LF,73.0,0.0,hitter,8,0,0,0,0,0,2,2,0,0,0,0,0,0,0,0,0
2026-04-03,2026,824299,Masyn Winn,691026,STL,138,DET,116,0,SS,73.0,0.0,hitter,1,0,1,0,0,1,3,3,0,0,0,0,0,0,0,0,0
2026-04-03,2026,824299,Nathan Church,701675,STL,138,DET,116,0,LF,73.0,0.0,hitter,1,0,0,0,0,0,1,1,0,1,0,0,0,0,0,0,0
2026-04-03,2026,824299,Nolan Gorman,669357,STL,138,DET,116,0,3B,73.0,0.0,hitter,4,0,0,0,0,0,1,1,0,1,0,0,0,0,0,0,0
2026-04-03,2026,824299,Ramón Urías,602104,STL,138,DET,116,0,3B,73.0,0.0,hitter,4,0,0,0,0,0,3,3,0,2,0,0,0,0,0,0,0
2026-04-03,2026,824299,Thomas Saggese,695336,STL,138,DET,116,0,SS,73.0,0.0,hitter,7,0,1,0,0,1,4,3,1,1,0,0,0,0,0,0,0
2026-04-03,2026,824299,Victor Scott II,687363,STL,138,DET,116,0,CF,73.0,0.0,hitter,9,0,1,0,0,1,4,4,0,1,0,0,0,0,0,0,0
2026-04-03,2026,824299,Yohel Pozo,650968,STL,138,DET,116,0,DH,73.0,0.0,hitter,6,0,0,0,0,0,4,4,0,0,0,0,0,0,0,0,0
2026-04-03,2026,824377,Brenton Doyle,686668,COL,115,PHI,143,1,CF,51.0,0.0,hitter,7,0,1,0,0,1,4,4,0,3,0,0,0,0,0,0,0
2026-04-03,2026,824377,Edouard Julien,666397,COL,115,PHI,143,1,2B,51.0,0.0,hitter,4,0,0,0,0,0,1,0,1,0,0,0,0,0,0,0,0
2026-04-03,2026,824377,Ezequiel Tovar,678662,COL,115,PHI,143,1,SS,51.0,0.0,hitter,4,0,1,0,0,1,3,3,0,1,0,0,0,0,0,0,0
2026-04-03,2026,824377,Hunter Goodman,696100,COL,115,PHI,143,1,C,51.0,0.0,hitter,2,0,0,0,0,0,4,4,0,3,0,0,0,0,0,0,0
2026-04-03,2026,824377,Jake McCarthy,664983,COL,115,PHI,143,1,LF,51.0,0.0,hitter,8,0,0,0,0,0,3,3,0,1,0,0,0,0,0,0,0
2026-04-03,2026,824377,Kyle Karros,691720,COL,115,PHI,143,1,3B,51.0,0.0,hitter,9,0,0,0,0,0,3,3,0,2,0,0,0,0,0,0,0
2026-04-03,2026,824377,Mickey Moniak,666160,COL,115,PHI,143,1,RF,51.0,0.0,hitter,3,1,1,0,0,1,4,4,0,1,0,0,0,0,0,0,0
2026-04-03,2026,824377,TJ Rumfield,681198,COL,115,PHI,143,1,1B,51.0,0.0,hitter,5,0,0,0,0,0,4,3,1,2,0,0,0,0,0,0,0
2026-04-03,2026,824377,Troy Johnston,687859,COL,115,PHI,143,1,DH,51.0,0.0,hitter,1,0,1,0,0,1,4,4,0,1,0,0,0,0,0,0,0
2026-04-03,2026,824377,Willi Castro,650489,COL,115,PHI,143,1,SS,51.0,0.0,hitter,6,0,1,0,1,2,4,4,0,1,0,1,0,0,0,0,0
2026-04-03,2026,824377,Adolis García,666969,PHI,143,COL,115,0,RF,51.0,0.0,hitter,6,0,1,0,0,1,4,4,0,1,0,0,0,0,0,0,0
2026-04-03,2026,824377,Alec Bohm,664761,PHI,143,COL,115,0,3B,51.0,0.0,hitter,4,1,2,0,3,2,5,5,0,1,0,0,0,0,0,0,0
2026-04-03,2026,824377,Brandon Marsh,669016,PHI,143,COL,115,0,RF,51.0,0.0,hitter,7,1,1,1,3,4,5,5,0,1,0,0,0,0,0,0,0
2026-04-03,2026,824377,Bryce Harper,547180,PHI,143,COL,115,0,1B,51.0,0.0,hitter,3,2,2,1,1,6,4,3,1,0,0,1,0,0,0,0,0
2026-04-03,2026,824377,Bryson Stott,681082,PHI,143,COL,115,0,2B,51.0,0.0,hitter,5,1,2,0,1,3,5,5,0,1,0,1,0,0,0,0,0
2026-04-03,2026,824377,Dylan Moore,664238,PHI,143,COL,115,0,1B,51.0,0.0,hitter,3,0,0,0,0,0,1,1,0,1,0,0,0,0,0,0,0
2026-04-03,2026,824377,Edmundo Sosa,624641,PHI,143,COL,115,0,SS,51.0,0.0,hitter,1,0,0,0,0,0,1,1,0,0,0,0,0,0,0,0,0
2026-04-03,2026,824377,J.T. Realmuto,592663,PHI,143,COL,115,0,C,51.0,0.0,hitter,8,1,1,0,0,2,4,4,0,0,0,1,0,0,0,0,0
2026-04-03,2026,824377,Justin Crawford,702222,PHI,143,COL,115,0,CF,51.0,0.0,hitter,9,0,0,0,0,0,4,4,0,1,0,0,0,0,0,0,0
2026-04-03,2026,824377,Kyle Schwarber,656941,PHI,143,COL,115,0,DH,51.0,0.0,hitter,2,2,1,1,1,4,5,3,2,1,0,0,0,0,0,0,0
2026-04-03,2026,824377,Otto Kemp,805249,PHI,143,COL,115,0,LF,51.0,0.0,hitter,6,0,0,0,0,0,1,1,0,1,0,0,0,0,0,0,0
2026-04-03,2026,824377,Trea Turner,607208,PHI,143,COL,115,0,SS,51.0,0.0,hitter,1,2,3,0,1,4,4,4,0,1,0,1,0,0,0,0,0
2026-04-03,2026,824458,Alex Bregman,608324,CHC,112,CLE,114,0,3B,70.0,0.0,hitter,2,0,1,0,0,1,4,4,0,2,0,0,0,0,0,0,0
2026-04-03,2026,824458,Carson Kelly,608348,CHC,112,CLE,114,0,C,70.0,0.0,hitter,4,0,2,0,0,2,4,4,0,0,0,0,0,0,0,0,0
2026-04-03,2026,824458,Dansby Swanson,621020,CHC,112,CLE,114,0,SS,70.0,0.0,hitter,6,0,0,0,0,0,4,4,0,2,0,0,0,0,0,0,0
2026-04-03,2026,824458,Ian Happ,664023,CHC,112,CLE,114,0,LF,70.0,0.0,hitter,3,0,0,0,0,0,4,4,0,3,0,0,0,0,0,0,0
2026-04-03,2026,824458,Matt Shaw,807713,CHC,112,CLE,114,0,RF,70.0,0.0,hitter,7,0,0,0,0,0,3,3,0,1,0,0,0,0,0,0,0
2026-04-03,2026,824458,Michael Busch,683737,CHC,112,CLE,114,0,1B,70.0,0.0,hitter,5,0,0,0,0,0,4,4,0,1,0,0,0,0,0,0,0
2026-04-03,2026,824458,Miguel Amaya,665804,CHC,112,CLE,114,0,DH,70.0,0.0,hitter,9,0,1,0,1,2,2,2,0,0,0,1,0,0,0,0,0
2026-04-03,2026,824458,Moisés Ballesteros,694208,CHC,112,CLE,114,0,DH,70.0,0.0,hitter,9,0,0,0,0,0,1,1,0,1,0,0,0,0,0,0,0
2026-04-03,2026,824458,Nico Hoerner,663538,CHC,112,CLE,114,0,2B,70.0,0.0,hitter,1,0,0,0,0,0,4,2,2,0,0,0,0,0,0,0,0
2026-04-03,2026,824458,Pete Crow-Armstrong,691718,CHC,112,CLE,114,0,CF,70.0,0.0,hitter,8,1,1,0,0,2,3,3,0,0,1,1,0,0,0,0,0
2026-04-03,2026,824458,Angel Martínez,682657,CLE,114,CHC,112,1,RF,70.0,0.0,hitter,6,0,0,0,0,0,4,3,1,0,0,0,0,0,0,0,0
2026-04-03,2026,824458,Bo Naylor,666310,CLE,114,CHC,112,1,C,70.0,0.0,hitter,5,0,1,0,0,1,4,4,0,1,0,0,0,0,0,0,0
2026-04-03,2026,824458,Brayan Rocchio,677587,CLE,114,CHC,112,1,2B,70.0,0.0,hitter,9,0,1,0,0,1,3,2,0,0,0,0,0,0,0,0,1
2026-04-03,2026,824458,Chase DeLauter,800050,CLE,114,CHC,112,1,DH,70.0,0.0,hitter,2,1,3,1,3,6,4,4,0,0,0,0,0,0,0,0,0
2026-04-03,2026,824458,Daniel Schneemann,682177,CLE,114,CHC,112,1,CF,70.0,0.0,hitter,7,1,1,0,0,2,4,4,0,1,0,1,0,0,0,0,0
2026-04-03,2026,824458,Gabriel Arias,672356,CLE,114,CHC,112,1,SS,70.0,0.0,hitter,8,1,1,1,1,4,3,2,1,1,0,0,0,0,0,0,0
2026-04-03,2026,824458,José Ramírez,608070,CLE,114,CHC,112,1,3B,70.0,0.0,hitter,3,0,2,0,0,2,4,4,0,0,0,0,0,0,0,0,0
2026-04-03,2026,824458,Kyle Manzardo,700932,CLE,114,CHC,112,1,1B,70.0,0.0,hitter,4,0,0,0,0,0,4,3,1,1,0,0,0,0,0,0,0
2026-04-03,2026,824458,Steven Kwan,680757,CLE,114,CHC,112,1,LF,70.0,0.0,hitter,1,1,0,0,0,0,4,3,1,1,0,0,0,0,0,0,0
2026-04-03,2026,824621,Addison Barger,680718,TOR,141,CWS,145,0,RF,53.0,0.0,hitter,4,1,1,0,0,2,3,3,0,0,0,1,0,0,0,0,0
2026-04-03,2026,824621,Alejandro Kirk,672386,TOR,141,CWS,145,0,C,53.0,0.0,hitter,5,0,1,0,1,2,4,4,0,0,0,1,0,0,0,0,0
2026-04-03,2026,824621,Andrés Giménez,665926,TOR,141,CWS,145,0,SS,53.0,0.0,hitter,9,1,1,1,2,4,4,4,0,2,0,0,0,0,0,0,0
2026-04-03,2026,824621,Daulton Varsho,662139,TOR,141,CWS,145,0,CF,53.0,0.0,hitter,6,0,1,0,0,2,4,4,0,1,0,1,0,0,0,0,0
2026-04-03,2026,824621,Ernie Clement,676391,TOR,141,CWS,145,0,3B,53.0,0.0,hitter,8,1,1,0,0,1,4,4,0,0,0,0,0,0,0,0,0
2026-04-03,2026,824621,George Springer,543807,TOR,141,CWS,145,0,DH,53.0,0.0,hitter,1,0,1,0,0,1,5,4,1,0,1,0,0,0,0,0,0
2026-04-03,2026,824621,Jesús Sánchez,660821,TOR,141,CWS,145,0,RF,53.0,0.0,hitter,2,0,0,0,0,0,5,5,0,3,0,0,0,0,0,0,0
2026-04-03,2026,824621,Kazuma Okamoto,672960,TOR,141,CWS,145,0,3B,53.0,0.0,hitter,7,0,0,0,0,0,4,4,0,4,0,0,0,0,0,0,0
2026-04-03,2026,824621,Myles Straw,664702,TOR,141,CWS,145,0,LF,53.0,0.0,hitter,4,0,0,0,0,0,1,1,0,0,0,0,0,0,0,0,0
2026-04-03,2026,824621,Vladimir Guerrero Jr.,665489,TOR,141,CWS,145,0,1B,53.0,0.0,hitter,3,0,1,0,0,1,4,4,0,1,0,0,0,0,0,0,0
2026-04-03,2026,824621,Andrew Benintendi,643217,CWS,145,TOR,141,1,DH,53.0,0.0,hitter,6,0,1,0,0,1,4,4,0,2,0,0,0,0,0,0,0
2026-04-03,2026,824621,Austin Hays,669720,CWS,145,TOR,141,1,LF,53.0,0.0,hitter,5,0,1,0,2,1,5,5,0,1,0,0,0,0,0,0,0
2026-04-03,2026,824621,Chase Meidroth,805367,CWS,145,TOR,141,1,2B,53.0,0.0,hitter,1,1,1,0,0,1,5,4,1,2,0,0,0,0,0,0,0
2026-04-03,2026,824621,Colson Montgomery,695657,CWS,145,TOR,141,1,SS,53.0,0.0,hitter,4,1,1,0,0,1,5,4,1,1,1,0,0,0,0,0,0
2026-04-03,2026,824621,Derek Hill,656537,CWS,145,TOR,141,1,DH,53.0,0.0,hitter,6,1,1,0,0,1,1,1,0,0,0,0,0,0,0,0,0
2026-04-03,2026,824621,Edgar Quero,700337,CWS,145,TOR,141,1,C,53.0,0.0,hitter,8,0,2,0,0,2,4,4,0,0,0,0,0,0,0,0,0
2026-04-03,2026,824621,Luisangel Acuña,682668,CWS,145,TOR,141,1,CF,53.0,0.0,hitter,9,0,1,0,0,1,4,3,0,2,1,0,0,0,0,0,1
2026-04-03,2026,824621,Miguel Vargas,678246,CWS,145,TOR,141,1,3B,53.0,0.0,hitter,3,2,0,0,0,0,5,4,1,0,1,0,0,0,0,0,0
2026-04-03,2026,824621,Munetaka Murakami,808959,CWS,145,TOR,141,1,1B,53.0,0.0,hitter,2,0,1,0,0,1,5,4,1,2,0,0,0,0,1,0,0
2026-04-03,2026,824621,Tristan Peters,671976,CWS,145,TOR,141,1,RF,53.0,0.0,hitter,7,0,2,0,1,2,5,5,0,2,0,0,0,0,0,0,0
2026-04-03,2026,824786,Caleb Durbin,702332,BOS,111,SD,135,1,3B,56.0,0.0,hitter,6,0,1,0,1,1,4,4,0,1,0,0,0,0,0,0,0
2026-04-03,2026,824786,Carlos Narváez,665966,BOS,111,SD,135,1,C,56.0,0.0,hitter,8,0,1,0,0,1,3,3,0,1,0,0,0,0,0,0,0
2026-04-03,2026,824786,Ceddanne Rafaela,678882,BOS,111,SD,135,1,CF,56.0,0.0,hitter,9,0,1,0,1,1,3,3,0,1,0,0,0,0,0,0,0
2026-04-03,2026,824786,Jarren Duran,680776,BOS,111,SD,135,1,LF,56.0,0.0,hitter,3,1,1,0,0,2,4,4,0,0,0,1,0,0,0,0,0
2026-04-03,2026,824786,Marcelo Mayer,691785,BOS,111,SD,135,1,2B,56.0,0.0,hitter,7,2,2,1,2,6,3,2,0,0,0,1,0,0,0,0,0
2026-04-03,2026,824786,Roman Anthony,701350,BOS,111,SD,135,1,DH,56.0,0.0,hitter,1,0,1,0,0,1,4,4,0,1,0,0,0,0,0,0,0
2026-04-03,2026,824786,Trevor Story,596115,BOS,111,SD,135,1,SS,56.0,0.0,hitter,2,0,0,0,0,0,4,4,0,1,0,0,0,0,0,0,0
2026-04-03,2026,824786,Willson Contreras,575929,BOS,111,SD,135,1,1B,56.0,0.0,hitter,4,1,1,1,1,4,4,3,1,1,0,0,0,0,0,0,0
2026-04-03,2026,824786,Wilyer Abreu,677800,BOS,111,SD,135,1,RF,56.0,0.0,hitter,5,1,1,0,0,1,4,4,0,2,0,0,0,0,0,0,0
2026-04-03,2026,824786,Bryce Johnson,669369,SD,135,BOS,111,0,PH,56.0,0.0,hitter,9,0,0,0,0,0,1,1,0,1,0,0,0,0,0,0,0
2026-04-03,2026,824786,Fernando Tatis Jr.,665487,SD,135,BOS,111,0,RF,56.0,0.0,hitter,1,0,0,0,0,0,4,4,0,0,0,0,0,0,0,0,0
2026-04-03,2026,824786,Gavin Sheets,657757,SD,135,BOS,111,0,1B,56.0,0.0,hitter,7,1,2,0,1,2,3,3,0,0,1,0,0,0,0,0,0
2026-04-03,2026,824786,Jackson Merrill,701538,SD,135,BOS,111,0,CF,56.0,0.0,hitter,3,0,0,0,0,0,4,4,0,1,0,0,0,0,0,0,0
2026-04-03,2026,824786,Jake Cronenworth,630105,SD,135,BOS,111,0,2B,56.0,0.0,hitter,8,0,0,0,0,0,3,3,0,1,0,0,0,0,0,0,0
2026-04-03,2026,824786,Luis Campusano,669134,SD,135,BOS,111,0,C,56.0,0.0,hitter,9,0,1,0,1,2,2,2,0,0,0,1,0,0,0,0,0
2026-04-03,2026,824786,Manny Machado,592518,SD,135,BOS,111,0,3B,56.0,0.0,hitter,4,0,0,0,0,0,4,3,1,1,0,0,0,0,0,0,0
2026-04-03,2026,824786,Miguel Andujar,609280,SD,135,BOS,111,0,DH,56.0,0.0,hitter,6,1,1,0,0,3,3,3,0,1,0,0,1,0,0,0,0
2026-04-03,2026,824786,Ramón Laureano,657656,SD,135,BOS,111,0,LF,56.0,0.0,hitter,5,0,0,0,0,0,4,4,0,1,0,0,0,0,0,0,0
2026-04-03,2026,824786,Xander Bogaerts,593428,SD,135,BOS,111,0,SS,56.0,0.0,hitter,2,0,0,0,0,0,4,4,0,0,0,0,0,0,0,0,0
2026-04-03,2026,825026,Brice Matthews,694728,HOU,117,ATH,133,0,2B,73.0,0.0,hitter,9,0,0,0,1,0,4,3,1,0,0,0,0,0,0,0,0
2026-04-03,2026,825026,Cam Smith,701358,HOU,117,ATH,133,0,RF,73.0,0.0,hitter,6,1,1,0,0,1,4,4,0,2,0,0,0,0,0,0,0
2026-04-03,2026,825026,Carlos Correa,621043,HOU,117,ATH,133,0,3B,73.0,0.0,hitter,4,0,0,0,0,0,2,2,0,1,0,0,0,0,0,0,0
2026-04-03,2026,825026,Christian Vázquez,543877,HOU,117,ATH,133,0,DH,73.0,0.0,hitter,2,0,0,0,0,0,3,3,0,0,0,0,0,0,0,0,0
2026-04-03,2026,825026,Christian Walker,572233,HOU,117,ATH,133,0,1B,73.0,0.0,hitter,5,0,0,0,0,0,2,2,0,0,0,0,0,0,0,0,0
2026-04-03,2026,825026,Jake Meyers,676694,HOU,117,ATH,133,0,CF,73.0,0.0,hitter,7,0,0,0,1,0,4,2,1,1,0,0,0,0,0,1,0
2026-04-03,2026,825026,Jeremy Peña,665161,HOU,117,ATH,133,0,SS,73.0,0.0,hitter,1,0,1,0,0,2,5,4,1,1,0,1,0,0,0,0,0
2026-04-03,2026,825026,Joey Loperfido,694388,HOU,117,ATH,133,0,LF,73.0,0.0,hitter,4,0,0,0,0,0,2,2,0,1,0,0,0,0,0,0,0
2026-04-03,2026,825026,Jose Altuve,514888,HOU,117,ATH,133,0,2B,73.0,0.0,hitter,3,0,0,0,0,0,2,1,1,1,0,0,0,0,0,0,0
2026-04-03,2026,825026,Nick Allen,669397,HOU,117,ATH,133,0,3B,73.0,0.0,hitter,5,2,2,0,0,2,2,2,0,0,0,0,0,0,0,0,0
2026-04-03,2026,825026,Shay Whitcomb,694376,HOU,117,ATH,133,0,1B,73.0,0.0,hitter,3,0,0,0,0,0,2,2,0,2,0,0,0,0,0,0,0
2026-04-03,2026,825026,Yainer Diaz,673237,HOU,117,ATH,133,0,C,73.0,0.0,hitter,8,1,2,0,1,3,4,3,1,1,0,1,0,0,0,0,0
2026-04-03,2026,825026,Yordan Alvarez,670541,HOU,117,ATH,133,0,DH,73.0,0.0,hitter,2,0,0,0,1,0,2,1,0,0,0,0,0,0,0,1,0
2026-04-03,2026,825026,Brent Rooker,667670,ATH,133,HOU,117,1,DH,73.0,0.0,hitter,4,2,0,0,0,0,5,3,2,0,0,0,0,0,0,0,0
2026-04-03,2026,825026,Darell Hernaiz,687231,ATH,133,HOU,117,1,SS,73.0,0.0,hitter,5,0,1,0,0,1,1,1,0,0,0,0,0,0,0,0,0
2026-04-03,2026,825026,Denzel Clarke,672016,ATH,133,HOU,117,1,CF,73.0,0.0,hitter,9,1,1,0,1,1,4,3,1,2,0,0,0,0,0,0,0
2026-04-03,2026,825026,Jacob Wilson,805779,ATH,133,HOU,117,1,SS,73.0,0.0,hitter,5,1,2,0,1,2,4,4,0,0,0,0,0,0,0,0,0
2026-04-03,2026,825026,Jeff McNeil,643446,ATH,133,HOU,117,1,2B,73.0,0.0,hitter,8,0,1,0,0,1,4,4,0,0,0,0,0,0,0,0,0
2026-04-03,2026,825026,Lawrence Butler,671732,ATH,133,HOU,117,1,RF,73.0,0.0,hitter,6,2,3,1,4,6,5,5,0,1,0,0,0,0,0,0,0
2026-04-03,2026,825026,Max Muncy,691777,ATH,133,HOU,117,1,3B,73.0,0.0,hitter,7,2,3,1,3,7,4,4,0,0,0,1,0,0,0,0,0
2026-04-03,2026,825026,Nick Kurtz,701762,ATH,133,HOU,117,1,1B,73.0,0.0,hitter,1,0,0,0,0,0,5,4,1,2,0,0,0,0,0,0,0
2026-04-03,2026,825026,Shea Langeliers,669127,ATH,133,HOU,117,1,C,73.0,0.0,hitter,2,1,0,0,0,0,5,3,2,1,0,0,0,0,0,0,0
2026-04-03,2026,825026,Tyler Soderstrom,691016,ATH,133,HOU,117,1,LF,73.0,0.0,hitter,3,2,2,0,2,3,5,4,1,0,0,1,0,0,0,0,0
2026-04-03,2026,825103,Alek Thomas,677950,AZ,109,ATL,144,1,CF,83.0,0.0,hitter,6,0,1,0,0,1,3,3,0,0,0,0,0,0,0,0,0
2026-04-03,2026,825103,Carlos Santana,467793,AZ,109,ATL,144,1,1B,83.0,0.0,hitter,8,0,0,0,0,0,3,3,0,1,0,0,0,0,0,0,0
2026-04-03,2026,825103,Corbin Carroll,682998,AZ,109,ATL,144,1,RF,83.0,0.0,hitter,2,0,0,0,0,0,4,2,2,1,0,0,0,0,0,0,0
2026-04-03,2026,825103,Gabriel Moreno,672515,AZ,109,ATL,144,1,DH,83.0,0.0,hitter,4,0,0,0,0,0,4,4,0,1,0,0,0,0,0,0,0
2026-04-03,2026,825103,Geraldo Perdomo,672695,AZ,109,ATL,144,1,SS,83.0,0.0,hitter,3,0,0,0,0,0,4,4,0,0,0,0,0,0,0,0,0
2026-04-03,2026,825103,James McCann,543510,AZ,109,ATL,144,1,C,83.0,0.0,hitter,7,0,0,0,0,0,3,3,0,1,0,0,0,0,0,0,0
2026-04-03,2026,825103,Ketel Marte,606466,AZ,109,ATL,144,1,2B,83.0,0.0,hitter,1,0,1,0,0,1,4,4,0,0,0,0,0,0,0,0,0
2026-04-03,2026,825103,Nolan Arenado,571448,AZ,109,ATL,144,1,3B,83.0,0.0,hitter,5,0,0,0,0,0,3,3,0,1,0,0,0,0,0,0,0
2026-04-03,2026,825103,Tim Tawa,694374,AZ,109,ATL,144,1,LF,83.0,0.0,hitter,9,0,0,0,0,0,3,2,1,0,0,0,0,0,0,0,0
2026-04-03,2026,825103,Austin Riley,663586,ATL,144,AZ,109,0,3B,83.0,0.0,hitter,5,0,0,0,0,0,4,4,0,1,0,0,0,0,0,0,0
2026-04-03,2026,825103,Dominic Smith,642086,ATL,144,AZ,109,0,PH,83.0,0.0,hitter,6,0,0,0,0,0,1,1,0,1,0,0,0,0,0,0,0
2026-04-03,2026,825103,Drake Baldwin,686948,ATL,144,AZ,109,0,C,83.0,0.0,hitter,2,0,1,0,0,1,4,4,0,0,0,0,0,0,0,0,0
2026-04-03,2026,825103,Eli White,642201,ATL,144,AZ,109,0,LF,83.0,0.0,hitter,6,0,0,0,0,0,3,3,0,0,0,0,0,0,0,0,0
2026-04-03,2026,825103,Jonah Heim,641680,ATL,144,AZ,109,0,C,83.0,0.0,hitter,9,0,0,0,0,0,2,2,0,0,0,0,0,0,0,0,0
2026-04-03,2026,825103,Matt Olson,621566,ATL,144,AZ,109,0,1B,83.0,0.0,hitter,4,1,1,1,1,4,4,4,0,1,0,0,0,0,0,0,0
2026-04-03,2026,825103,Mauricio Dubón,643289,ATL,144,AZ,109,0,SS,83.0,0.0,hitter,7,0,0,0,0,0,4,4,0,1,0,0,0,0,0,0,0
2026-04-03,2026,825103,Michael Harris II,671739,ATL,144,AZ,109,0,CF,83.0,0.0,hitter,8,0,0,0,0,0,3,2,1,0,0,0,0,0,0,0,0
2026-04-03,2026,825103,Mike Yastrzemski,573262,ATL,144,AZ,109,0,LF,83.0,0.0,hitter,9,0,0,0,0,0,1,1,0,1,0,0,0,0,0,0,0
2026-04-03,2026,825103,Ozzie Albies,645277,ATL,144,AZ,109,0,2B,83.0,0.0,hitter,3,1,3,1,1,6,4,4,0,0,0,0,0,0,0,0,0
2026-04-03,2026,825103,Ronald Acuña Jr.,660670,ATL,144,AZ,109,0,RF,83.0,0.0,hitter,1,0,1,0,0,1,4,4,0,0,1,0,0,0,0,0,0
